Player,Team,Player_Strength
Core,Culturized,162.9
canezera,RANKERS,153.96
Timotino,Rock Bottom,150.51
Boni,QoR,142.97
Bob,Blue Otter,142.57
Muddy,YDZ Esports,137.24
satellite,Ambrosia,136.84
Zamal,Pigeons,135.68
Cohburg,Pigeons,135.15
Leo,Prestige Esports,134.04
jakee,YFP,134.02
welyy,Blue Otter,132.83
Agr0,YDZ Mafia,130.44
zaj,YDZ Esports,130.14
azys,Revenant XSpark,129.66
Zoestol,Blue Otter,124.75
woddy,Cumberland Phoenix,124.51
renz,Maryville University,124.35
Abde,Abdes Daycare,123.33
something,Paper Rex,121.77
penny,YFP,121.09
beanann,Pigeons,119.5
Jinggg,Paper Rex,119.22
Shondex,Blue Otter,119.21
LEW,JiJieHao,118.76
shawz,Wadadaa,118.06
exile,YDZ Esports,117.14
splash,RRQ Academy,116.91
Blahst,Funhavers,116.74
Truth,St. Clair Saints,116.37
Dragon,JiJieHao,116.35
MattyIce,F5 Esports,114.55
zekei,Funhavers,113.99
Boomy,Awaken Militia,113.39
Kouf,Pigeons,112.2
snarly,QoR,111.79
nixx,Vulcan Rising,111.52
Logan,QoR,111.33
Slammed,Abdes Daycare,110.77
mclovin,Cumberland Phoenix,110.26
zeek,Blue Otter,110.03
Flashback,DRX,109.98
f0rsakeN,Paper Rex,109.92
LenX,Pigeons,109.69
RetrQ,Rock Bottom,109.55
Jerrwin,Trust In Plug,109.47
bones,Landor,109.27
payne,CSP Val Blue,109.2
Munchkin,Gen.G,108.43
crazyguy,KIMMY KITTENS,108.25
Minimise,JiJieHao,108.14
FirstLove,Himothys,108.09
ComeBack,BBL PCIFIC,108.04
Tim,Funhavers,107.73
sambae,YDZ Esports,107.56
Bawn,Culturized,107.42
popogachi,IGZIST,107.33
stellar,YFP,107.31
FengF,Trace Esports,107.11
rawfiul,Revenant XSpark,106.68
garrett,Abdes Daycare,106.67
yearn,Landor,106.6
t3xture,Gen.G,106.37
Karon,Gen.G,106.36
Kess,Nightblood Gaming,106.02
swift,Abdes Daycare,105.59
zekken,Sentinels,105.29
s0m,NRG Esports,105.28
chapix,Lilmix,105.24
Verno,NRG Esports,104.87
trent,G2 Esports,104.71
Loita,BBL PCIFIC,104.63
OXY,Cloud9,104.57
Colt,F5 Esports,104.53
leaf,G2 Esports,104.35
aspas,MIBR,104.27
Sato,Galorys,104.26
zeka,F5 Esports,104.19
GrimReaper874,Prestige Esports,104.09
Morgausse,Cumberland Phoenix,104.02
zerona,Life's a Game,103.96
Mistic,FOKUS,103.84
fishball,Todak,103.6
nerve,QoR,103.57
hieu,YDZ Esports,103.18
nephh,Bilibili Gaming,102.44
chloric,Maryville University,102.09
Sayonara,DVM Esport,101.96
alym,Nightblood Gaming,101.8
DisisJohn,Eintracht Frankfurt,101.72
Hoax,Orangutan,101.63
hellff,Orangutan,101.53
iansn,YDZ Mafia,101.48
WAT,True Rippers,101.13
whzy,Bilibili Gaming,100.83
gotten,Alter Ego,100.73
BuZz,T1,100.61
moefcute,LAZY,100.42
miz,Himothys,100.31
sociablEE,BBL Esports,100.12
Buh Lah Kae,F5 Esports,100.02
practo,Funhavers,99.9
cNed,FUT Esports,99.84
FireBallOps,Nightblood Gaming,99.84
BangtK,Prestige Esports,99.8
aduka,Todak,99.63
HYUNMIN,DRX,99.56
N4RRATE,Sentinels,99.42
Jemkin,Rex Regum Qeon,99.21
Contair,YDZ Mafia,99.1
florescent,Apeks,99.05
toggle,Todak,99.05
Kr1stal,Global Esports,99.03
thief,YFP,98.97
Techno,Orangutan,98.91
yoman,Gen.G,98.85
jawgemo,G2 Esports,98.84
zK1,Harmony,98.73
Cfax,Overtake,98.58
mwzera,FURIA,98.2
KovaQ,ALTERNATE aTTaX,98.2
mada,NRG Esports,98.08
Fit1nho,Barça eSports,97.87
purp0,GIANTX,97.86
DEATHMAKER,Revenant XSpark,97.83
bang,Sentinels,97.79
Dark3st,SaD Esports,97.76
Deadly10,Reckoning Esports,97.68
Life,FunPlus Phoenix,97.56
Xan,IGNITE,97.55
jowa,Turtle Troop,97.53
Fizzy,MOUZ,97.52
consz,The MongolZ,97.45
seven,TSM,97.35
jayp,Cumberland Phoenix,97.28
Azami,nobody in Paris,96.98
Bavian,Prestige Esports,96.98
bao,Trust In Plug,96.95
lenne,IGNITE,96.9
Daimyo,Moon,96.87
Deryeon,Global Esports,96.83
Seoldam,RIDDLE ORDER,96.8
xeus,FUT Esports,96.75
nabil,Landor,96.73
bucute,Team Flash,96.67
MaKo,DRX,96.64
Venka,Orangutan,96.57
Meiy,DetonatioN FocusMe,96.51
Barrett,Berzerkers,96.51
CRUNCH,Bon Bon Bum Contra,96.48
P0PPIN,RANKERS,96.45
keznit,KRÜ Esports,96.28
ip0TT,Papara SuperMassive,96.19
above,Grêmio Esports,96.16
ting2k5,Team Flash,95.91
Ange,Maryville University,95.7
persona11,Rival Esports,95.68
Tempz,IGNITE,95.65
Knight,Bilibili Gaming,95.6
Eggsterr,RANKERS,95.52
Lar0k,BBL PCIFIC,95.51
KEN,CREST GAMING Zst,95.49
PatMen,NAOS,95.45
eKo,NOEZ FOXX,95.35
Alfajer,FNATIC,95.3
ValdyN,Alter Ego,95.29
ara,Bitfix Gaming,95.17
free1ng,DRX,95.07
Obnoks,MOUZ,95.0
Klamran,ROSE,94.95
bstrdd,Team Liquid Brazil,94.68
Moh,The Ultimates,94.67
patrickWHO,Global Esports,94.55
skylen,Papara SuperMassive,94.53
lyrical,Awaken Militia,94.53
Neon,LEVIATÁN Academy,94.5
vita,Overtake,94.49
Izzy,Eternal Fire,94.49
shooterR,Cumberland Phoenix,94.34
toxik,Abdes Daycare,94.29
RgLMeister,Galorys,94.1
xuss,FOKUS,94.09
Kcep,Culturized,94.02
Ali,Winthrop University,93.8
sym,TSM,93.66
iZu,T1,93.6
ZmjjKK,EDward Gaming,93.45
RJM,SSalama,93.34
Akame,nobody in Paris,93.24
Enzo,Mandatory,93.24
infiltrator,Winthrop University,93.03
benaf,Himothys,93.02
stonezy,Dudes,92.99
tixx,JiJieHao,92.92
SpYzera,The Ultimates,92.91
Athan,DRX Prospects,92.91
Drago,Siena Heights University,92.89
PROFEK,BBL Esports,92.84
Zanatsu,PR0NETS,92.82
Leare,GoodFor3,92.78
hibar,SSalama,92.77
Ninebody,TYLOO,92.74
Xeppaa,Cloud9,92.72
Famouz,BOOM Esports,92.68
rima,Fractal Gaming,92.5
primmie,TALON,92.5
Stix,Pixel Lumina,92.5
UdoTan,Global Esports,92.41
sibeastw0w,GMBLERS Esports,92.4
stax,T1,92.38
elllement,CGN Esports,92.3
Vera,KIMMY KITTENS,92.29
alyaL,Team Flash,92.22
Tisora,A nova onda do Imperador,92.17
yay,Evil Geniuses,92.17
benjii,SaD Esports,92.08
winderz,Fractal Gaming,92.06
Nakya,Alter Ego,92.04
LewN,BBL Esports,92.0
Cloud,GIANTX,91.98
Tillo,special grade,91.94
mikeE,Trust In Plug,91.93
Riza,Xipto Esports,91.88
Sylvan,T1,91.83
Cryocells,100 Thieves,91.81
gobera,2Game Esports,91.75
trexx,Team Vitality,91.75
gMd,TSM,91.69
smiley,Ambrosia,91.65
tkzin,THE 7,91.64
lukxo,LOUD,91.61
Happen,Permitta Unicorns,91.58
eluwu,Purr-fectionists,91.57
Cud,Alter Ego,91.56
basic,Grêmio Esports,91.54
FETA,Next Gen,91.46
Kushy,Rex Regum Qeon,91.46
Rebo,ROSE,91.42
phc,Stellae Gaming,91.42
Vitie,SweetNsour,91.37
sw,THE 7,91.25
havoc,FURIA,91.05
MONSTEERR,KOI Fénix,91.01
koalanoob,Natus Vincere,90.99
Reduxx,Cubert Academy,90.92
kael,Todak,90.92
YESicaN,Fancy United Esports,90.91
KADIRI,Next Gen,90.88
endoist,Z11,90.8
JA,KIMMY KITTENS,90.8
Kaaru,SheshMans,90.8
Proxh,Eintracht Frankfurt,90.75
Loss,A nova onda do Imperador,90.73
Kevzii,ZOL Esports,90.7
Muffyn,Ambitious Legend Gaming GC,90.58
LuoK1ng,Trace Esports,90.56
Click,Gentle Mates,90.55
dos9,BOOM Esports,90.54
shinnok,Metizport,90.54
Inspire,RANKERS,90.49
RvK,True Rippers,90.47
sogo,Fisher Navy,90.46
demek,Szach Mat,90.34
flasHH,Erinite Esports,90.22
stew,JDG Esports,90.19
Kaoticcc,Turtle Troop,90.16
runneR,GIANTX,90.1
dip,SaD Esports,90.08
Zellsis,Sentinels,90.04
forbanz,DELIRA,90.03
ShoT_UP,Landor,90.03
johnqt,Sentinels,89.94
Spring,Wolves Esports,89.92
heat,FURIA,89.92
al0rante,FOKUS,89.83
Demon1,LEVIATÁN,89.81
harambe,Ramboot Club,89.8
dgzin,LOUD,89.78
yetujey,FUT Esports,89.77
hoody,FOKUS,89.76
Wo0t,Team Heretics,89.73
Sinaway,Next Gen,89.73
RYKER,CCG Esports,89.7
Meteor,T1,89.64
123,Reckoning Esports,89.63
Kohaibi,Paper Rex x Spotlight Series,89.61
Derke,Team Vitality,89.57
chiwa,BBL Esports,89.54
tconda,Zen eSports GC,89.51
KHS,TAMU Maroon,89.5
Jackk,Overtake,89.36
marteen,Karmine Corp,89.32
duhT,Agropesca Jacare,89.28
ray4c,Alter Ego,89.12
Yusin,Ambitious Legend Gaming GC,89.11
MrFaliN,FUT Esports,89.08
Avez,Karmine Corp,89.04
N1welS,Retiraos,89.04
LeVi,RIVAL,88.98
umu7,Papara SuperMassive,88.96
Juicy,Wolves Esports,88.91
Toy,Soi Thai Esports,88.89
Bobovo,Culturized,88.74
Caedye,RIDDLE ORDER,88.71
Lukey,EXO Clan,88.67
bipo,MOUZ,88.61
Felix,ALTERNATE aTTaX,88.6
jzz,PR0NETS,88.59
hkizi,Moon,88.58
Antidote,Revenant XSpark,88.58
SimonD4rk,DNSTY,88.56
acrian,Ambrosia,88.56
Chronicle,FNATIC,88.52
qw1,Galakticos,88.47
raijin,Endear Esports,88.43
ChiaWei,把牛變成鱒魚,88.42
Papi,Global Esports,88.33
ZesBeeW,Rival Esports,88.23
invy,Team Secret,88.21
RedKoh,IGNITE,88.16
Needy,TBK Esports,88.15
kellyS,Global Esports,88.15
vo0kashu,Dragon Ranger Gaming,88.12
Serial,HGE Esport,88.12
Keiko,Team Liquid,88.08
Ady,REVE RISE MAX,88.04
shion,THE 7,87.98
Czester,Szach Mat,87.94
azury,Eintracht Frankfurt,87.92
Famsii,HGE Esport,87.92
wackie,Joblife,87.87
valyn,G2 Esports,87.87
Asuna,100 Thieves,87.77
lula molusco,Fenda Dos Streamers,87.74
wayne,KIMMY KITTENS,87.74
kaajak,FNATIC,87.72
c0ldd,Dolphins Gaming,87.68
Freakz,BIGG Siren,87.68
Jamppi,BBL Esports,87.59
SpiritZ1,Dragon Ranger Gaming,87.57
wak1e,Lilmix,87.51
K1LLERS,Team Flash,87.37
tomaszy,GIANTX,87.34
1kuzohh,TOROSKLS,87.31
Bizerra,Team Liquid Brazil,87.29
Sp1ke,CICADAS Gaming,87.28
Anq,Team Valiant,87.24
avey,NXT,87.24
sKizzo,MixChi,87.17
Hotsauz,ZOL Esports,87.13
kamo,Team Liquid,87.1
Foxy9,Gen.G,87.08
Teddy,First Round Out,86.98
kiNgg,LEVIATÁN,86.98
desire,TBK Esports,86.95
Polvi,UCAM Esports Club,86.89
Leosen,Eintracht Frankfurt,86.87
jannyXD,Falke Esports,86.86
Leozin,PR0NETS,86.82
Potter,FULL SENSE,86.76
KING VINNY,Green Grapes,86.75
sonofcar,Lemonade Stand,86.72
Shao,Natus Vincere,86.72
SyouTa,ZETA DIVISION,86.71
flora,REVE RISE MAX,86.71
Tn,ROSE,86.7
QutionerX,Eternal Fire,86.66
Murphy,S2 Esports,86.65
rodd,SAGAZ,86.64
Anima,Eternal Fire,86.54
DaviH,CGN Esports,86.43
Ender,nobody in Paris,86.42
Shiro,BOOM Esports,86.37
VenTT,Papara SuperMassive,86.37
WanZeru,děti ulice,86.34
golack,Coalesce,86.33
cortezia,MIBR,86.32
Perry,Moon,86.3
cauanzin,LOUD,86.23
TakaS,DVM Esport,86.22
Jammu,ROUNDS,86.21
ness,GIANTX GC,86.21
JSERG,Spate Esports,86.2
GuhRVN,PR0NETS,86.19
sheydos,KOI,86.15
f4ngeer,KCORP Blue Stars,86.15
f1co,Lilmix,86.15
VantiK,Dexterity Gaming,86.13
demon,MBU Spartans,86.1
ray,Moon,86.03
Monyet,Rex Regum Qeon,86.03
Filu,KOI,86.03
XuZee,TUMT Shark,86.03
bdog,Turtle Troop,86.0
ALEKSANDAR,QoR,85.96
fiziq,YFP,85.96
mindfreak,Paper Rex,85.95
MOLSI,Apeks,85.81
Ticey,Permitta Unicorns,85.8
bucher,UCAM Esports Club,85.75
MCD,GoodFor3,85.68
Mazino,KRÜ Esports,85.67
Elite,Karmine Corp,85.67
Mephisto,Six Karma,85.65
Kubfu,Coalesce,85.65
jfoeN,Cumberland Phoenix,85.64
Akame,DetonatioN FocusMe,85.58
Dev0,GoodFor3,85.52
Winteryrook,Al-Qadsiah Esports,85.41
Mot1on,Wintermint,85.41
Siduzord,Stellae Gaming,85.39
Flickless,UCAM Esports Club,85.36
XXiF,TSM,85.33
Crewen,BBL PCIFIC,85.32
axeddy,DELIRA,85.31
Hostage,Spate Esports,85.27
sakurai,CREST GAMING Zst,85.24
Smurfette,GIANTX GC,85.23
16Ch0ps,Fancy United Esports,85.23
TRMIS,SSalama,85.13
spike,2Game Esports,85.1
marin,REVE RISE MAX,85.1
Iceyyy,Xipto Esports,85.08
SWERL,Nova Esports,85.05
Booey,ABG luvrs,85.02
bootisz,Atlanta Esports,85.0
stallion,Berzerkers,85.0
CXIX666,The MongolZ,84.98
STYRON,KIMMY KITTENS,84.96
BarcK,NXT,84.89
K4DAVRA,Gentle Mates,84.87
keisu,BLUE BEES.ESP,84.86
Jesse,Joblife,84.85
artzin,MIBR,84.82
Persia,Nongshim RedForce,84.8
pluffy,GMBLERS Esports,84.8
conir,KRÜ BLAZE,84.78
woody,RRQ Academy,84.78
Xross,Nongshim RedForce,84.76
daiki,Team Liquid Brazil,84.76
oitaN,IGZIST,84.69
andrew,Resonate,84.67
Flaring,Xipto Esports,84.64
NT2k,Unicorn Cyber Da Nang,84.62
Sayf,Team Vitality,84.61
Deqadz,EXO Clan,84.6
BerserX,BOOM Esports,84.58
puggy,Formulation Gaming,84.57
eeiu,100 Thieves,84.53
d3mur,ZETA Gaming,84.51
Toast,TUMT Shark,84.5
GLYPH,FUSION,84.49
Zeravla,Daguestan,84.46
Buld,NOVO Esports,84.43
moose,Cloud9,84.42
bazz,CREST GAMING Zst,84.41
laser,NXT,84.4
rEplan,SAVU,84.39
Shu,TUMT Shark,84.29
Bobbert,SEN Shahzam,84.28
JonahP,G2 Esports,84.22
decoy,IHC Esports,84.22
P1nA,Team Big BAAM,84.18
Yeah,PEEK,84.16
Sleepy Femboy,Wadadaa,84.15
Ruxic,Natus Vincere,84.09
twelve,Rival Esports,84.09
marceline,YFP X,83.98
Lafura,BLUE BEES.ESP,83.94
taka,DELIRA,83.9
ico,TeamOrangeGaming,83.9
Dep,ZETA DIVISION,83.86
szimpli,Pixel Lumina,83.86
magic,Dexterity Gaming,83.84
snw,ShindeN,83.83
nzr,MIBR,83.82
SkyIsBlue,The MongolZ,83.8
Tiezzi,Grêmio Esports,83.8
ACHRF,Onyx Ravens,83.79
KHaaLiD,The Ultimates,83.79
Palla,Stellae Gaming,83.76
bruninej,Agropesca Jacare,83.75
EscO,esports team αD,83.7
Goaster,Team Valiant,83.7
eva,Team Falcons Vega,83.68
Derrek,Evil Geniuses,83.68
ki1wsy,Z11,83.68
HUYNH,Fisher Navy,83.67
Han,Team SEIBI,83.65
Veqaj,Team Valiant,83.61
audaz,Digital Athletics,83.58
H1ber,HGE Esport,83.56
Katu,NOVO Esports,83.55
Feniz,E-Xolos LAZER,83.42
zery,Xperion NXT,83.41
Darker,E-Xolos LAZER,83.38
SUYGETSU,Karmine Corp,83.37
BiggieCheese,Next Gen,83.33
Luca,EXO Clan,83.31
Hansia,Original Gaming,83.3
thiefy,NOEZ FOXX,83.3
Governor,TALON,83.25
AtaKaptan,FUT Esports,83.23
bryce,First Round Out,83.22
kestrel,Himothys,83.18
Minty,RIDDLE ORDER,83.15
erde,LEVIATÁN Academy,83.15
KeA,Unicorn Cyber Da Nang,83.14
Fair,Team Digital,83.14
pompZ,Chivas Esports,83.07
pollo,THE 7,83.03
Cain,SFU Pink,83.02
alexiiik,Zero Tenacity,83.0
PTC,NAOS,83.0
d4v41,Paper Rex,82.99
bezn1,Stellae Gaming,82.96
nTK,Team Big BAAM,82.95
szoren,EXO Clan,82.95
Elab0rate,YFP X,82.95
prince,THE 7,82.94
diseased,SweetNsour,82.92
HOPS,TOROSKLS,82.9
ZachKappa,KOI Fénix,82.87
k1Ng,DRAGONS,82.86
Jinboong,DetonatioN FocusMe,82.85
v1c,Cloud9,82.83
starxo,Joblife,82.83
Virtyy,E-Xolos LAZER,82.83
Noble,Siena Heights University,82.78
silentzz,2Game Esports,82.77
Excali,MiBH,82.76
musashi,Eintracht Frankfurt,82.75
punda,JiJieHao,82.75
pANcada,LOUD,82.75
Vuubit,Formulation Gaming,82.74
Jremy,Team Secret,82.73
Aeric,Aspyre x Swarm,82.72
DeepMans,S2G Esports,82.66
peixeh,Grêmio Esports,82.65
dods,KRÜ BLAZE,82.65
SiuFatBB,Wolves Esports,82.63
Mited,E-Xolos LAZER,82.61
Brave,Eternal Fire,82.56
supamen,Evil Geniuses,82.52
AcZy,Exsto Gaming,82.52
Dambi,Nongshim RedForce,82.51
Kiuuuu,LGD Gaming,82.5
IKANA,JiJieHao,82.5
Srx,Onyx Ravens,82.5
Kyu,Ambrosia,82.48
NOVAE,Rub n' Pug,82.47
Less,Team Vitality,82.47
Gunners,děti ulice,82.43
gucc107,West Virginia University,82.42
starkk,Falke Esports,82.41
Monokuma,Randoms,82.41
Loweed,Agropesca Jacare,82.41
jamter,Coalesce,82.4
CaspeR,Purr-fectionists,82.39
Louboutin,Unicorn Cyber Da Nang,82.36
kamyk,Team Liquid,82.33
mezoky,EXO Clan,82.31
Bugh1nio,MixPe,82.3
Eren,TYLOO,82.29
Suka,Xipto Esports,82.27
Grimmjow,MixPe,82.26
Jan,BC SWELL,82.24
Fixy,Xipto Esports,82.24
bzt,Pixel Lumina,82.24
Champzera,TBK Esports,82.24
Wildfire,Maryville University,82.22
lazylion,Passion Project,82.22
Sevire,KCORP Blue Stars,82.21
Chadi,Ramboot Club,82.21
Cowpie867,YDZ Mafia,82.2
Zyppan,Gentle Mates,82.2
qRaxs,FUT Esports,82.2
Avvix,Al-Qadsiah Esports,82.17
sayfposting,Seulgi Fanclub,82.17
kurozooted,REVE RISE MAX,82.16
Ambi,CGN Esports,82.16
lux9,Zerance,82.16
kenmohororo,BLUE BEES.ESP,82.14
moobs,Winthrop University,82.14
sanoj,F4TALITY,82.13
nAts,Team Liquid,82.13
ntk,Orquestra Do Maestro,82.13
Estrella,Rex Regum Qeon,82.12
Sand,The Ultimates,82.09
DaGG3r,Lost Puppies,82.05
ZYND,ZOL Esports,82.05
soren,KCORP Blue Stars,82.03
UNFAKE,Joblife,81.98
waddle,DNSTY,81.96
d3ffo,SweetNsour,81.95
suzu,ZETA DIVISION GC,81.89
krejz,Barça eSports,81.85
Chaza,SheshMans,81.84
turkish,SAGAZ,81.71
Mojer,NAOS,81.65
paTiTek,Team Liquid,81.64
Mally,NXT,81.64
6ixKey,RRQ Academy,81.61
deseo,FAWZ Purple,81.61
xavi8k,DLSU Viridis Arcus,81.58
Firewolf,Harmony,81.57
d1srupt,Unicorn Cyber Da Nang,81.54
ianto,SweetNsour,81.53
jjasonl,UC Irvine,81.52
keloqz,Mandatory,81.5
Rossi,Exsto Gaming,81.5
Bon,Aspyre x Swarm,81.49
Paradox,Level 5,81.48
jay,First Round Out,81.47
baddyG,DNSTY,81.44
Fivm,nobody in Paris,81.44
Minny,Gentle Mates,81.39
lcdFFF,Elite Klan,81.35
Recoil,TSM,81.34
coconut,Xi Lai Gaming,81.33
eyan,ROSE,81.32
SoTired,F4TALITY,81.31
tricky,Level 5,81.3
Incredible,GoodFor3,81.27
mili,Refrag,81.25
Twirly,Purr-fectionists,81.24
gin,Rapid Lofi,81.23
EvoLuZionz,ENFASIS,81.19
YuNo,UCAM Esports Club,81.16
Smoggy,EDward Gaming,81.16
CyvOph,Mandatory,81.13
Wolfen,CGN Esports,81.09
Emman,ZOL Esports,81.04
MeatPieN,Delight,81.03
dadvid,F5 Esports,81.03
Envy2K,DUPG Esports,81.02
Izo,Dexterity Gaming,81.02
Sev,Vulcan Rising,81.02
Rarga,Xi Lai Gaming,81.0
AAAAY,FunPlus Phoenix,80.99
deecee,Orangutan,80.98
Ask,Murash Gaming,80.96
xffero,Rex Regum Qeon,80.94
maniek,Pixel Lumina,80.94
Ale,Lilmix,80.93
WerlasS,Galatasaray Esports,80.88
lamelly,Bitfix Gaming,80.87
Edw4rd,Himothys,80.84
ZukØ,Culturized,80.8
YOU,Xi Lai Gaming,80.8
Bumble,Veterans,80.79
vis,UT Dallas,80.72
Knowbii,Lilmix,80.71
MiniBoo,Team Heretics,80.7
jkuro,JDG Esports,80.68
Hyzee,LAZY,80.67
skz,Orquestra Do Maestro,80.66
Levius,Bilibili Gaming,80.64
DESTRUCT1VEE,Galakticos,80.64
thooOOM,TeamOrangeGaming,80.63
Jww,101 Outlaws,80.61
Tvnaso,Dolphins Gaming,80.61
sterben,Galakticos,80.57
Mihlog,Team Flash,80.55
deLb,All Gamers,80.51
kye,Todak,80.42
logaN,DVM Esport,80.42
ZiXuan,Rare Atom,80.37
Kamisseq,NOVO Esports,80.36
zeddy,KPI Gaming,80.34
diky,IHC Esports,80.33
Pure,101 Outlaws,80.33
deminatiX,İstanbul Wildcats,80.28
YanLi,把牛變成鱒魚,80.26
MnFeaR,The MongolZ,80.25
kooniiee,5 Budak Gemuk,80.24
7ssk7,KPI Gaming,80.19
dth,DELIRA,80.18
Z3RO,ZETA Gaming,80.16
Chillin,Team Digital,80.15
Revenge,Siena Heights University,80.13
D4rf,Team NKT Academy,80.07
zhen,S2 Esports,80.04
Rosé,BBL PCIFIC,80.02
C0M,LEVIATÁN,80.01
tex,LEVIATÁN,80.0
zander,100 Thieves,79.99
Mundy,club penguin,79.97
Kalkkuna,Formulation Gaming,79.93
richie,ABG luvrs,79.92
archiw0w,Genziary,79.92
iluri,MOUZ,79.92
samed,TeamOrangeGaming,79.91
Manny,Dexterity Gaming,79.83
Melser,KRÜ Esports,79.81
Fin,APAY Academy,79.81
Hyuse,Fancy United Esports,79.79
Bak1,OCU,79.76
fusion,club penguin,79.76
raised,PANCADAO,79.74
kimmy,Team Coldan,79.69
twilight,Fancy United Esports,79.68
Hyperzxz,Siko,79.66
MiLuan,SAIO,79.65
Zhannn,ROA Esport,79.63
hiro,Natus Vincere,79.61
cidZzZ,Legacy,79.61
sayoo,Alter Ego,79.6
westside,GIANTX,79.6
waleed,Onyx Ravens,79.6
YoWamu,REVE RISE MAX,79.57
chanformer,GoodFor3,79.56
PKX,PEEK,79.53
sultan,NAOS,79.49
YaBoiLewis,FOKUS,79.49
JrayN,Galatasaray Esports,79.47
CLZ,ZETA DIVISION,79.46
Kipperman,Genziary,79.46
kobra,CNEsports,79.45
lowel,Barça eSports,79.43
Autumn,FunPlus Phoenix,79.43
insano,PEEK,79.43
otaQ,Six Karma,79.42
fragile,5 Budak Gemuk,79.39
swag,PR0NETS,79.38
TORONTO,SAGAZ,79.38
karam1l,DUPG Esports,79.36
Kazler,Refrag,79.28
Martux,Bitfix Gaming,79.28
mikee,Mandatory,79.27
Sebaaah,ENFASIS,79.26
BMV,LAZY,79.26
zui,Made in Bandung Widyatama x Binus,79.25
Ivy,Nongshim RedForce,79.25
RobbieBk,Gentle Mates,79.22
Zauqk,Next Gen,79.22
zMART,Onyx Ravens,79.2
prozin,Galorys,79.13
Moco,ZETA DIVISION GC,79.12
999kvmil,Formulation Gaming,79.09
luckeRRR,ALTERNATE aTTaX,79.07
xenom,MIBR,79.07
NcSlasher,BOOM Esports,79.06
Frxeez,IGZIST,79.04
mikey,YDZ Mafia,79.01
furbsa,SaD Esports,78.95
Bati,Falke Esports,78.91
Eso177,EXO Clan,78.88
nufEZ,Retiraos,78.87
mzr,Bagual E-Sports,78.81
Yamada,IGZIST,78.8
MaximN,Formulation Gaming,78.78
JoXJo,RIDDLE ORDER,78.74
YOME,DRX Changers,78.73
GunterR,Hungkuang Falcon,78.72
tbloy,TALON Academy,78.72
wedid,Turtle Troop,78.7
vakk,BBL Esports,78.65
JitBoyS,TALON,78.61
wodz,club penguin,78.59
Haeart,Soi Thai Esports,78.58
Yuicaw,Wolves Esports,78.57
panday,oomfies,78.54
Leviathan,FULL SENSE,78.53
saadhak,Karmine Corp,78.52
Terrox,Xperion NXT,78.51
Jaf,Wintermint,78.51
guuih,Stellae Gaming,78.5
SUPERKAT,oomfies,78.46
Surf,TALON Academy,78.42
crona,Zen eSports GC,78.41
kyrrz,Ramboot Club,78.39
BALLI,CICADAS Gaming,78.36
Tman,Siena Heights University,78.33
msh,Zero Tenacity,78.31
isaa,Team Liquid Brazil,78.28
FiNESSE,NRG Esports,78.28
ban,TALON,78.25
jEEE,ZOL Esports,78.25
Rb,Titan Esports Club,78.18
Lele,ZETA Gaming,78.16
Jini,ALTERNATE aTTaX,78.15
Guardy,KOI Fénix,78.12
glym,RED Canids,78.07
Baransel,Galatasaray Esports,78.01
Chay,Delight,78.0
Nunmeister,děti ulice,77.98
nex1SphiX,The MongolZ,77.95
NDG,Team Secret Academy,77.91
Spirit,BITEKI,77.86
Kicks,Team Vitality,77.85
sh1n,DVM Esport,77.84
grubinho,KOI,77.84
g4ll,Delight,77.84
Shyy,KRÜ Esports,77.82
PepegaPig,LG Orange,77.79
pckwN,Digital Athletics,77.79
adverso,KRÜ Esports,77.75
rYn,UCAM Esports Club,77.75
Twisted,Harmony,77.74
kayle,Himothys,77.72
Snaptor,NXT,77.71
Yohpa,KCORP Blue Stars,77.7
Rouss,Siko,77.66
SplatGun,BITEKI,77.65
Yuta,CICADAS Gaming,77.62
Reverie,Rival Esports,77.61
Dinxx,West Virginia University,77.6
Letha,SKIPIDI,77.6
riyabtw,Oblivion Force,77.59
Uta,Oblivion Force,77.58
deev,Dolphins Gaming,77.55
rushia,Bilibili Gaming,77.53
Lightningfast,Level 5,77.52
yatsuka,RIDDLE ORDER,77.51
Kenkayyy,Orquestra Do Maestro,77.51
Kuba,FOKUS,77.51
shimoda,Divinity,77.51
oli,Dudes,77.5
BerLIN,FunPlus Phoenix,77.49
appA,unsigned,77.45
siJk,Dudes,77.44
Boostio,100 Thieves,77.42
Forcee,OXEN,77.41
Syncro,Dolphins Gaming,77.41
speedy,Lilmix,77.4
Xdll,ZETA DIVISION,77.39
ESMONDE,First Round Out,77.33
Tenshi,Siko,77.33
KnightVoice,Wintermint,77.32
Crws,TALON,77.31
indra,Berzerkers,77.3
drz,Atlanta Esports,77.28
Flex1n,Dragon Ranger Gaming,77.28
tuyz,LOUD,77.28
Jinbey,BC SWELL,77.22
Art,DetonatioN FocusMe,77.21
Ri0,True Rippers,77.21
rAb1q,GOOD BOY,77.2
skies,Boise State University,77.19
vii,Zen eSports GC,77.18
kramarick,PEEK,77.12
Biank,Trace Esports,77.06
2GE,Team Secret,77.05
sakura,NIX VISION,77.05
Jaguar,PANCADAO,77.03
Javiierh,Chivas Esports,77.01
caydeN,DNSTY,77.01
xiTsha,Team Valiant,77.0
Kozok,Szach Mat,76.99
lurzy0y0,Digital Athletics,76.98
margaret,Nongshim RedForce,76.9
CHICHOO,EDward Gaming,76.88
Saiz,Barça eSports,76.88
AL7B,DRAGONS,76.88
reazy,S2G Esports,76.84
Ra1ny,把牛變成鱒魚,76.83
fate,Aspyre x Swarm,76.82
ruso,Daguestan,76.79
Kakarot,ZOL Esports,76.78
LilHieu,Team Big BAAM,76.77
geeza,Maryville University,76.73
Esperanza,NOEZ FOXX,76.72
vit9ine,TBK Esports,76.71
ScrewFace,Ambrosia,76.7
yosemite,FunPlus Phoenix,76.67
kpro,Siko,76.66
Cinjvv,IHC Esports,76.59
Crus,Fancy United Esports,76.57
feveTz,PETZ,76.56
GANGAZI,CNEsports,76.54
Ginilson,Agropesca Jacare,76.53
mitch,Cloud9,76.5
poseiiidon,ROUNDS,76.5
MarT1n,Xi Lai Gaming,76.5
deyten,unsigned,76.48
gmoney,Abdes Daycare,76.47
icy,Evil Geniuses,76.46
benjyfishy,Team Heretics,76.46
Xenoo,Team yanxinng,76.46
socools0da,Team NKT Academy,76.43
fabiziN,MixPe,76.39
hAwksinho,Coalesce,76.39
pyrolll,KPI Gaming,76.38
Waken,Coalesce,76.33
Rexs,Ramboot Club,76.31
romann,UT Dallas,76.24
Joojina,Team Liquid Brazil,76.23
RND,TotalePRO,76.23
Killua,FULL SENSE,76.23
Jon4,Bagual E-Sports,76.22
Fighter,The Ultimates,76.17
BeYN,DRX,76.13
monSi,Trust In Plug,76.12
basbabe,Z11,76.12
crashies,FNATIC,76.11
soulcas,KOI,76.1
NaturE,Evil Geniuses,76.09
OLIZERA,KOI Fénix,76.09
Ju,101 Outlaws,76.08
LeeoLoos,PETZ,76.05
OXMANN,Papara SuperMassive,76.0
kodeth,NXT,75.99
xKyjote,KPI Gaming,75.98
katax,Attraction Force,75.97
micaela,KRÜ BLAZE,75.97
BlackWiz,NOEZ FOXX,75.96
Sin,SKIPIDI,75.94
Jerry,BC SWELL,75.93
KimHung2k5,Team Big BAAM,75.93
Haitam,TOROSKLS,75.89
JessieVash,Team Secret,75.89
GrTw,Falke Esports,75.88
Kuro,Original Gaming,75.87
Vince,CGN Esports,75.82
X3B,All Gamers,75.82
h1perZ,Fenda Dos Streamers,75.81
vaiZ,Rebirth Esports,75.79
Impecunity,Rival Esports,75.79
Wild0reoo,Team Secret,75.78
Francis,Nongshim RedForce,75.78
nataNk,LEVIATÁN,75.77
LoRangeZ,Team NKT Academy,75.75
maou,LP33,75.73
Ancient,FAWZ Purple,75.73
ArPoom,Team NKT Academy,75.72
str0nda,SAGAZ,75.71
Kai,Trace Esports,75.69
RAINMAKER,FUSION,75.68
RieNs,Team Heretics,75.66
Khalil,FURIA,75.65
d0rf,Team Flash,75.63
MateliaN,CICADAS Gaming,75.62
TeddyIsFluffy,mesos millionaires,75.61
str1keR,Al-Qadsiah Esports,75.57
Fragger,Falke Esports,75.56
Zan,BLUE BEES.ESP,75.55
maryna,Fisher Fruit,75.53
NeFi,Szach Mat,75.53
Elixllo,Al-Qadsiah Esports,75.5
Tio,Rebirth Esports,75.48
Padisah,Galatasaray Esports,75.45
Teague,Trust In Plug,75.42
Brofeld,CREST GAMING Zst,75.4
AvovA,Apeks,75.38
canady,TALON Academy,75.35
e9Lair,BLUE BEES.ESP,75.33
Scottie,Overtake,75.32
mixyce,F4TALITY,75.29
musz3kk,Fire Flux Esports,75.29
N A I S,ZETA Gaming,75.27
vinizin,Agropesca Jacare,75.27
JinNy,Ambitious Legend Gaming GC,75.27
Allen,BC SWELL,75.26
Jiggy,BITEKI,75.26
Reta,Team Falcons Vega,75.24
Touven,Galatasaray Esports,75.23
Squish,Dreams To Legends,75.23
Lime,MOUZ,75.22
Unfair,FOKUS,75.22
Kapi,CREST GAMING Zst,75.22
WaddlesThePig,SheshMans,75.2
Zap,2Game Esports,75.2
BENECIA,CNEsports,75.19
ease,KCORP Blue Stars,75.18
starstruck,FAWZ Purple,75.17
eleo,unsigned,75.16
Sampphire,Cardboard Dinosaur,75.1
stamppi,SAVU,75.06
AKUMAAAAA,Joblife,75.05
lil d,CCG Esports,75.05
Natasha,OSKARAMONO,75.04
Babyblue,JDG Esports,75.03
Sacake,HGE Esport,75.03
Luca,Delight,75.0
harddora,Z11,75.0
bobae,Original Gaming,74.99
Bard0lf,PULSE,74.96
Shift,UT Dallas,74.92
Abo,Titan Esports Club,74.92
chukl9,Coalesce,74.92
Bully,unsigned,74.92
Instxnct,Team Digital,74.9
Dreamas,Genziary,74.88
MOJJ,Galakticos,74.88
poegii,Siko,74.84
jcz,OXEN,74.84
Noor,Team Falcons Vega,74.84
lucks,Grêmio Esports,74.81
Snowi,SAVU,74.77
romily,KRÜ BLAZE,74.77
Michel,HGE Esport,74.76
Rudi,100 Thieves,74.75
UR,REIGNITE Lily,74.72
Nahsie,Winthrop University,74.71
Jow,E-Xolos LAZER,74.71
Turko,S2G Esports,74.71
hitti,SSalama,74.71
jeed,5 Budak Gemuk,74.7
hunterx,PEEK,74.67
dRKY,İstanbul Wildcats,74.66
kakziN,TOROSKLS,74.64
Kamiyu,Team Falcons Vega,74.64
Neiker,KPI Gaming,74.61
basya,KPI Gaming,74.61
DeadInk,Fenerbahçe Esports,74.59
ScoPe,REVE RISE MAX,74.58
rubkkoide,ShindeN,74.58
Cintyx,Bitfix Gaming,74.55
Snark,Fractal Gaming,74.55
Stwz1,A nova onda do Imperador,74.55
Yuki,Dexterity Gaming,74.53
RIPablo,IGZIST,74.51
david,ShindeN,74.5
lz,2Game Esports,74.49
Tag,DNSTY,74.43
Insider,NOVO Esports,74.39
A77,West Virginia University,74.38
Storm,Blue Eyes White Dragon,74.29
alca,Rebirth Esports,74.26
markL,Xipto Esports,74.24
Maxxyy,First Round Out,74.23
Saalped,RED Canids,74.21
niki,esports team αD,74.17
seph1roth,FULL SENSE,74.13
bron,Retiraos,74.13
furq,Fenda Dos Streamers,74.11
MrCANI,JDG Esports,74.1
Chintu,IHC Esports,74.06
pryze,2Game Esports,74.04
Ethan,TUMT Shark,74.03
Kohliii,Level 5,74.02
Antunes,OSKARAMONO,73.99
DaFt,Unicorn Cyber Da Nang,73.97
Creamydreamy,Permitta Unicorns,73.97
zaninZS,A nova onda do Imperador,73.97
Bullet,Soi Thai Esports,73.96
Dizzy,Hungkuang Falcon,73.93
FonTuz,Z11,73.91
KROSTALY,Fenerbahçe Esports,73.9
Sandra,Team Falcons Vega,73.88
Jway,RED Canids,73.86
Tristiieee,VisionZ,73.86
baha,İstanbul Wildcats,73.85
Xander,Erinite Esports,73.83
hype,Apeks,73.76
SugarZ3ro,ZETA DIVISION,73.76
Ache,DRX Changers,73.69
bnja,MixPe,73.68
squirmor,Overtake,73.68
binzo,Made in Bandung Widyatama x Binus,73.67
invisible,Team Big BAAM,73.67
MiradaNinja,LEVIATÁN Academy,73.61
Nicc,Dragon Ranger Gaming,73.6
yTao,LP33,73.58
Havex,CCG Esports,73.49
JooHyung,CNEsports,73.48
Urango,Galorys,73.46
ALMO,Pixel Lumina,73.45
sturNN,İstanbul Wildcats,73.39
Slandy,mesos millionaires,73.37
nobody,EDward Gaming,73.32
Szalony,Szach Mat,73.3
Spartabang,Exsto Gaming,73.29
ezzy,MiBH,73.29
choosie,Velocity Gaming,73.28
Boli,101 Outlaws,73.25
Docent,Fire Flux Esports,73.18
Eagle,HAVU Gaming,73.16
Inf,Rival Esports,73.14
aria,Teddy Tactics,73.11
aplycs,Team Secret Academy,73.07
Boo,Team Heretics,73.06
Bored,Dreams To Legends,72.96
batujnax,Apeks,72.95
Fross,Aura,72.93
D0V3S,Green Grapes,72.9
Xhowi,FUSION,72.9
Teltta,KAMK.GG,72.89
Hada,Bon Bon Bum Contra,72.88
Shicoed,ROUNDS,72.88
LIMPE,Wintermint,72.86
falltw,ZETA Gaming,72.84
Mathi,Las Cabras,72.8
N11,Be Man,72.8
HyP,Mandatory,72.8
Marcai,True Rippers,72.79
OBONE,Nova Esports,72.76
WisdomCats,Tiny Turtle Squad,72.74
Matzdell,ENFASIS,72.73
bunt,All Gamers,72.71
HiiiK,SAGAZ,72.61
ExciteMVP,West Virginia University,72.55
KIMB0,OXEN,72.55
sHOW,BITEKI,72.52
Jacyn,BITEKI,72.51
S1Mon,EDward Gaming,72.5
Thander,GMBLERS Esports,72.5
FOLKE,Lilmix,72.37
Psilence,DRAGONS,72.37
Whiith,ENFASIS,72.36
o0o0o,Nova Esports,72.33
Myssen,TBK Esports,72.32
Ethan,NRG Esports,72.3
zhar,RRQ Academy,72.23
Babax,Zerance,72.2
AC,Chosen Clique Gaming,72.15
bunnybee,Fisher Fruit,72.14
XiaoFeng,ROA Esport,72.11
v1nny,LOUD,72.09
chewieyy,SKIPIDI,72.06
flyuh,KOI,72.05
biazik,KRÜ BLAZE,72.05
l0udly,KPI Gaming,72.03
Patrui,S2G Esports,72.03
Laz,FULL SENSE,71.99
Juzo Suzuya,Veterans,71.96
Lock1ng,ROA Esport,71.95
Celasun,Digital Athletics,71.93
Pr0digy,Team Secret Academy,71.93
Garv,Reckoning Esports,71.93
Vickyz,Team NKT Academy,71.88
Mary,Team Falcons Vega,71.83
Foxie,DVM Esport,71.83
Casual Scrub,Predator X Gaming,71.83
emilz,SAVU,71.82
happywei,Xi Lai Gaming,71.8
Kehnys,Dexterity Gaming,71.78
Selin,Be Man,71.76
MARCTYLINHO,DVM Esport,71.75
Shazeon,TeamOrangeGaming,71.73
Necro,MixPe,71.72
laddermoves,Aspyre x Swarm,71.72
Chard,FINIX ALPHA,71.71
xanarchy,TeamOrangeGaming,71.65
prettyprincess3,Fortnite Keyboard,71.63
CHIMEI,Oblivion Force,71.58
Flowy,Al-Qadsiah Esports,71.55
merge,Awaken Militia,71.55
aurelia,Elation Vortex,71.53
darm,Predator X Gaming,71.52
Boaster,FNATIC,71.51
Faska,Ramboot Club,71.5
Russ,Level 5,71.5
Kongi,Xperion NXT,71.46
Jovi,TALON,71.45
ventura,nobody in Paris,71.43
Dylan,APAY Academy,71.43
gon,Nemesis,71.42
j4héx,GMBLERS Esports,71.39
Aurelion,UT Dallas,71.37
dox,Prestige Esports,71.35
litshii,Permitta Unicorns,71.35
mizu,Nottingham Miedo,71.34
contii,Resonate,71.24
Antsy,Digital Athletics,71.22
kibojn,Reckoning Esports,71.2
rowancy,Six Karma,71.2
Irex,Soi Thai Esports,71.17
darkwinjett,unsigned,71.15
wAvE,Asterisk,71.14
Huntr,club penguin,71.13
saxx,Original Gaming,71.1
Jar,Erinite Esports,71.07
taiga,SEN Shahzam,71.05
murizzz,ShindeN,70.99
pika,KOI Fénix,70.96
XinTreZ,Eternal Flame,70.93
neT,Cloud9,70.89
Unhappy,Hungkuang Falcon,70.84
Nash,Las Cabras,70.8
Asteriskk,Alter Ego,70.78
cl4yerr,bloodS,70.72
madv,Team Falcons Vega,70.71
Croudy,TUMT Shark,70.69
habibti,mesos millionaires,70.68
Alu,Predator X Gaming,70.68
Miyori,HEROIC Valkyries,70.65
Romeo,Purpose Gaming,70.64
raafa,FURIA,70.63
R1va,Delight,70.59
alannn,NOVO Esports,70.58
Maybe,Veterans,70.56
sommboiii,Exsto Gaming,70.55
TvirusLuke,Dragon Ranger Gaming,70.53
riv,Refrag,70.52
thebigfiz,Zerance,70.5
Sxnti,Bon Bon Bum Contra,70.48
drepeex,Dudes,70.41
FYRR73,把牛變成鱒魚,70.38
vibhoRR,MiBH,70.31
Spitfires,All Gamers,70.26
rich,Vulcan Rising,70.22
dedmos,Bon Bon Bum Contra,70.21
Ooriime,Zerance,70.2
hfmi0dzjc9z7,TYLOO,70.12
TRIPCIEW,Unicorn Cyber Da Nang,70.05
Anc1enT,VNU Esports,70.03
Seafone,nobody in Paris,70.01
KillAA,ZETA DIVISION Academy,70.01
Kakashiii,Randoms,69.98
ego1st,Las Cabras,69.96
hyk,IGNITE,69.95
SPMAK,TeamOrangeGaming,69.95
W1LL,EXO Clan,69.89
JKG,ZETA Gaming,69.88
0n1y,LP33,69.84
nAvarro,Chivas Esports,69.83
Xmj,Predator X Gaming,69.73
semik,Berzerkers,69.73
tsägä,wombat123,69.67
Ankara,S2 Esports,69.66
STAVINCI,ALTERNATE aTTaX,69.64
EMIYA,Dreams To Legends,69.61
YasH,Asterisk,69.56
MerSa,Digital Athletics,69.5
Movi,Xperion NXT,69.45
priyome,Sho,69.33
DrastZ,GMBLERS Esports,69.27
Patix,děti ulice,69.26
karie,oomfies,69.24
Jerk,Winthrop University,69.23
Petra,G2 Gozen,69.22
troizyyy,Elite Klan,69.2
ibonata,Fenerbahçe Esports,69.17
Nia,Fancy United Esports,69.1
nebb,Spate Esports,69.01
Gloomy,İstanbul Wildcats,68.96
monk,All Gamers,68.94
apu,Retiraos,68.92
CyderX,Eternal Fire,68.92
Akashi,LAZY,68.86
Makaveli,Orangutan,68.79
xReNdø,MixChi,68.79
maik,Wintermint,68.73
AceStaRRRRR,DUPG Esports,68.73
kya,děti ulice,68.71
Zetik,club penguin,68.7
Mojo,Reckoning Esports,68.66
azza,PANCADAO,68.63
JoshF,Lucia Zenith,68.61
Viva,Xi Lai Gaming,68.58
tsuna,Atlanta Esports,68.57
Fresht,FUSION,68.55
Astin,Randoms,68.55
tweethy,Genziary,68.55
Creamm,Unicorn Cyber Da Nang,68.55
rodrigo77,Atlanta Esports,68.5
Penab,ROUNDS,68.48
toffywoffy,Watermelon,68.47
Peloncito,Six Karma,68.38
glovee,Galakticos,68.35
Haodong,Titan Esports Club,68.14
Mikey,Dreams To Legends,68.11
Best,Fenerbahçe Esports,68.1
sarah,GIANTX GC,68.08
KUNDIKUNDI,MOUZ,68.07
flare,Winthrop University,68.07
AlMtRoOo3,Onyx Ravens,67.98
Vorwenn,Barça eSports,67.96
Blastz,PANCADAO,67.95
kira,Not Your Business Female,67.94
aleksi,SAVU,67.84
nati,Zen eSports GC,67.81
QiQi,Cardboard Dinosaur,67.8
Choomji,Predator X Gaming,67.77
HyBr1D,DUPG Esports,67.75
vxyr,SheshMans,67.66
natz,RRQ Academy,67.63
Conartist,Purpose Gaming,67.59
NowaXxZang,CICADAS Gaming,67.59
Lysoar,Wolves Esports,67.54
Kyun,Exsto Gaming,67.4
Vania,G2 Gozen,67.38
jeyj7y,EXO Clan,67.37
SSeeS,DetonatioN FocusMe,67.37
Adept,Soi Thai Esports,67.36
Zone,Fractal Gaming,67.34
In0X,West Virginia University,67.3
nathan,Awaken Militia,67.25
putte,Elite Klan,67.25
wisa,First Round Out,67.18
Saun0ja,SKIPIDI,67.16
Cobalt,Spate Esports,67.16
X1nh,Unicorn Cyber Da Nang,67.15
moon,SAIO,67.09
Mikelelle,Elite Klan,67.0
Rayy,DRAGONS,66.92
rinA,IHC Esports,66.91
sonder,FlyQuest RED,66.66
NeskaaS,Team Valiant,66.48
Yukine,Erinite Esports,66.42
ChurmZ,West Virginia University,66.39
avery,oomfies,66.35
Jose1,APAY Academy,66.33
Whimp,MiBH,66.24
Slaughter,Fenerbahçe Esports,66.2
kacper,Harmony,66.15
Keks u,wombat123,66.12
Lefiedot,ZETA DIVISION Academy,66.11
RoteX,OSKARAMONO,66.04
srN,MIBR GC,66.01
guiih9,Grêmio Esports,65.97
Migod,Blue Eyes White Dragon,65.88
Quick,UCAM Esports Club,65.87
BilGoat,Cumberland Phoenix,65.87
kabzi,Fire Flux Esports,65.79
JN3v1cE,Fire Flux Esports,65.77
rezy,Al-Qadsiah Esports,65.76
astroboy,F4TALITY,65.7
Vuxqt,Blue Eyes White Dragon,65.67
nizhaoTZH,All Gamers,65.66
rezq,G2 Gozen,65.66
Icarus,Asterisk,65.64
Mystizip,Daguestan,65.62
solo88,LANDODGERS,65.55
Alexy,Team Falcons Vega,65.53
WANHEDA,Dudes,65.42
albus,Unicorn Cyber Da Nang,65.38
say,ENFASIS,65.32
heybay,Trace Esports,65.29
Mythical,Randoms,65.27
azul,Zen eSports GC,65.26
6ix,Genziary,65.24
Jordan,Xzile Esports,65.23
KNZY,Rebirth Esports,65.13
ViIi,SKIPIDI,65.07
Borgesz,F4TALITY,64.99
SinS,Veterans,64.99
vaLi,Coalesce,64.94
Yoyoman,Hungkuang Falcon,64.93
Spocki,Xperion NXT,64.93
Wave,Erinite Esports,64.86
E13,Chivas Esports,64.83
Moonro,Michigan State University,64.72
YAYAX,Zerance,64.65
restro,Purpose Gaming,64.65
oj,club penguin,64.61
Huss,Moon,64.61
venus,Teddy Tactics,64.6
Darwin,DRAGONS,64.54
River,Asterisk,64.49
pAura,S2G Esports,64.4
pyua,BarackObamaPizza,64.25
sword9,TYLOO,64.16
B1n,Dreams To Legends,64.07
ANGE1,Natus Vincere,63.96
QuinT,Unicorn Cyber Da Nang,63.92
popoman4Q,TUMT Shark,63.82
ekuLul,wombat123,63.74
yZkA1,ROA Esport,63.72
R0meo,True Rippers,63.72
Reiji,Daguestan,63.72
Cangshu,Dragon Ranger Gaming,63.69
Brinicle,Veterans,63.61
BatmaN,True Rippers,63.47
QueYa,ROA Esport,63.21
Kuro,Onyx Ravens,63.2
yasiek,SheshMans,63.18
Maddz1N,Eternal Flame,63.1
Gu1,101 Outlaws,63.02
Aphun,SweetNsour,63.02
Jelly,MIBR GC,62.84
Hetzen,Dolphins Gaming,62.69
iNaz,DRAGONS,62.62
enerii,Team Falcons Vega,62.51
Pr1ck,Blue Eyes White Dragon,62.39
Shane,Tempest Gaming,62.33
synrgy,Xzile Esports,62.21
Cross,Retiraos,61.97
Yigox,Fenerbahçe Esports,61.94
allu,Bon Bon Bum Contra,61.94
Tuna,Xzile Esports,61.79
YungEn,OCU,61.77
prask,FUSION,61.64
KhoiBeo,Blue Eyes White Dragon,61.64
cataboo,Seulgi Fanclub,61.63
poupi,Team Poupi,61.46
Hyungwonho,Elation Vortex,61.38
Au1oek,GOOD BOY,61.16
crush,Siena Heights University,61.09
Blue,Chaos Alliance,60.84
Lutzinnn,Atlanta Esports,60.75
Planko,Randoms,60.7
CombatBaby,IRIS,60.52
vitalyy,Vulcan Rising,60.33
theia,FlyQuest RED,60.3
calsushi,Teddy Tactics,60.23
rise,zZz,60.23
Celeste,Infinity X,60.11
Chechuu,KPI Gaming,59.98
Septem7,All Gamers,59.95
LiuOrange,Bagual E-Sports,59.81
KvS,Bagual E-Sports,59.62
Akira,NXT,59.57
Master,Boise State University,59.36
CHAK,Oblivion Force,59.18
Shifty,CCG Esports,59.08
SereNa,ZETA DIVISION GC,58.75
Disease,DUPG Esports,58.66
Raven,Teddy Tactics,58.65
terror,Endear Esports,58.35
EFN,Purpose Gaming,58.14
nuuh,Fenda Dos Streamers,58.06
ghostxD,Reckoning Esports,57.88
Gia,Elation Vortex,57.87
Unholykid,Gifted,57.81
illogical,Michigan State University,57.65
typo,FAWZ Purple,57.5
Tuna,APAY Academy,57.31
Lightning,APAY Academy,57.24
WIRE,Elation Vortex,57.21
maxhinh9,ShindeN,56.68
weber,Team Heretics,56.58
Mel,MIBR GC,56.38
Ketzai,Unicorn Cyber Da Nang,56.31
spyder,FAWZ Purple,56.27
Maper,UT Dallas,56.19
LOVE,APAY Academy,54.83
Sunshine,TYLOO,54.8
novlah,Seulgi Fanclub,54.45
Toki,Team Falcons Vega,54.41
YuRelly,esports team αD,54.17
aco,ZETA DIVISION GC,54.01
y0DISH,wombat123,53.84
tonix,F4TALITY,53.19
Nikuu,Randoms,52.36
Supp,FAWZ Purple,51.83
B1ack,Titan Esports Club,51.58
jubs,MIBR GC,51.54
amy,G2 Gozen,51.23
eeiufan,Seulgi Fanclub,51.0
PowerPixele,Wadadaa,50.98
mimi,G2 Gozen,50.32
unstable,Passion Project,48.46
sayuri,MIBR GC,48.39
Tara,Paper Rex x Spotlight Series,46.16
Whisk,TOS Starlight,46.1
Cece,Lucia Rankers,45.66
k0rupt,Funhavers,43.39
Zeke,Blue Otter,41.58
Aniemal,mesos millionaires,37.46
oranges,Teddy Tactics,36.8
Australis,Wadadaa,32.78
evv,FlyQuest RED,32.15
StarBound,Wadadaa,31.29
zoe,Vulcan Rising,21.63
rain,Awaken Militia,0.0
maestr0,Orquestra Do Maestro,0.0
Corsa,Solana,0.0
colby,Wadadaa,0.0
Reddot,Wadadaa,0.0
Bubbles,Unjustified,0.0
wezzy,Digital Athletics,0.0
melya,Green Grapes,-5.43
Nora,YFP X,-34.29
GoodSon,把牛變成鱒魚,
BODYCATCHER,ROUNDS,
KAKUJA,Lucia Rankers,
GiPsy7,Unknown Killers E-sport,
ray,Team Cece,
GARY,ATF Electric,
c0n,wombat123,
DRSMURFFI,Elite Klan,
Sayonara,Daguestan,
Dknock,Seulgi Fanclub,
Pony,LANDODGERS,
Rey,Team Cece,
miniTahara,QUANTICO,
17leanndro,Eternal Flame,
Hasagiii,Blue Eyes White Dragon,
Dynamite,Titan Esports Club,
T1ankong,VNU Esports,
jota,SSalama,
Symphony,FINIX ALPHA,
BugattiVeyron,All Gamers Young,
eetu,SSalama,
rotini,PETZ,
MINJU,ZFE,
bluexuan,Jester Circus,
Kirito,Chaos Alliance,
XiaoYu,Evil Samurai,
Nuuwy,bloodS,
Saluat,TUMT Shark,
awe,Usepticals,
Mesmer,Eternal Flame,
snappy,TALON Academy,
KILLY,Six Karma,
Lok1,Unknown Killers E-sport,
low,TOYO eSports,
glacier,姊姊壞了我好愛,
ne1by,Attraction Force,
Sangelo14,Mix Wawitas,
hidy,5 Budak Gemuk,
f0rsakeN,INHS Yining,
PangXinXin,INHS Yining,
thyy,TALON Academy,
uuuuuuuuuuuuuuuu,GOOD BOY,
Aimlab132K,FOP,
Nastiness,GOOD BOY,
airs,TOS Gaming,
aksh,TBS Academy,
Melancholy,LANDODGERS,
Copomandril,inside,
pLusiovski912,Point Gaming,
Mattvictus,FINIX ALPHA,
nex,PETZ,
narky poo,wombat123,
balloons,inside,
darky,MixChi,
Splotza,B SITE GAMING,
SamBa,L9HAHAHA,
zura,Usepticals,
Sobaan,Divinity,
ismazao,bloodS,
y1,All Gamers Young,
Aaashire,MYDunWaaAChu,
Yuvi,MiBH,
DNYGETSU666,PETZ,
Benjamizz,USM Esports,
k41zE,Hungkuang Falcon,
Tykki,SSalama,
malc13,inside,
F1kenn,Quantum Void,
lil maty,USM Esports,
kori,Divinity,
姊姊好壞我好愛,姊姊壞了我好愛,
huawei1016,VNU Esports,
OneStep,CNEsports,
Miku Nakano,L9HAHAHA,
PhriZ,Point Gaming,
Yzz,ROA Esport,
Müza,Instinct Skills,
Recovery,Point Gaming,
Rocket,The Krows,
Ichigo,Sho,
tungyao,Niflheimr,
TOOMEN,TOYO eSports,
XmA,VNU Esports,
SGe,HKUF,
Zhe,STU樹德暴風樹,
MiuMiuKK,TUMT Orcinus,
Secre,Team Secret Academy,
player,All Gamers Young,
lan,All Gamers Young,
Nightmare,TUMT Orcinus,
tortis,Team sol8erry,
Bosheng,LP33,
111614,bloodS,
シガレット,APAY Academy,
Hermit,L9HAHAHA,
QiaoEn,OCU,
Roz,SYS ReigN Esports,
PRX something,INHS Yining,
妳知道雞米花的花語是什麼嗎,TWA,
influx,Fire Flux Esports,
YcC,FOP,
syazren,Lucia Rankers,
qu1ckz,Bitfix Gaming,
raam,QUANTICO,
Cano,Sho,
Dio,STU樹德暴風樹,
VictiM,RIVAL,
Spartan,Team beejaayyy,
Wezy,Siko,
s5hao,FOP,
CnJ,Attraction Force,
斗鱼丶阿肆,Niflheimr,
Mousou Express,L9HAHAHA,
Aptly,Seulgi Fanclub,
moment,TOS Gaming,
Drk34,OSKARAMONO,
Laser,Jester Circus,
Dheny,wombat123,
nwzera,Quantum Void,
沒心情,CSU,
JayBlrdy,InC Frost,
rinsat,Asterisk,
Adasmeee,DELIRA,
Devian,B SITE GAMING,
Surpass,QUANTICO,
JwN,Team yanxinng,
oyasumii,Team Micera,
Carpeta,Usepticals,
gyen,DetonatioN FocusMe,
강아지,FOP,
yehren,Lucia Zenith,
KENRICH,UT Dallas,
fronto pronto,InC Frost,
Owen,GOOD BOY,
Nikoo,Unknown Killers E-sport,
GzK,Star Music,
LumiQQ,ZFE,
Lava,S2G Esports,
kudin,Team Cece,
Saninn,B SITE GAMING,
Witoo,Usepticals,
Beishang1019,Evil Samurai,
Evann,理科純情男高,
Big Bear,All Gamers Young,
tysan,Point Gaming,
Vocho,Dolphins Gaming,
xzzcat,TWA,
jjsayeo,5 Budak Gemuk,
Zeo,Tiny Turtle Squad,
mxzin,inside,
PuFF,HKUF,
sr kl deus,B SITE GAMING,
ESOTERIC,Team ESOTERIC,
princess,Green Grapes,
pituF0,Eternal Flame,
siro,TOROSKLS,
TxKu,The Krows,
FMoMoツ,momo親子台,
ruthafer,Divinity,
Nightroad,Unknown Killers E-sport,
Desruzin,TOYO eSports,
Sushi0421,Niflheimr,
Neptune,Xzile Esports,
Neko,FOP,
crxzysam,Kingdom One,
v1bz,Bon Bon Bum Contra,
shottz,Us Guri,
aimbot,OCU,
Soulta,DEXTERITY,
YuFan,STU樹德暴風樹,
YouKnow,FOP,
cheater1,Mix Wawitas,
HenB1N,Daojiang Husky,
mabrik,The Krows,
OrcaZZ,TWA,
Ciuffo,GMBLERS Esports,
movi,Made in Bandung Widyatama x Binus,
mzt,bloodS,
Mob,L9HAHAHA,
LEVI,Las Cabras,
MoneaPenalizado,Star Music,
Setrod,GOOD BOY,
MAKIMA,STU樹德暴風樹,
Hassan,ZETA Gaming,
Kargelux,Usepticals,
XiaoQ,來送幸福的,
Asuka,TWA,
ahongboy,SANDORAYAKI,
zeRo,Evil Samurai,
1111111 Fu,LP33,
KiNN,Evil Samurai,
abu,esports team αD,
Motion,TOS Starlight,
OLDERGREG,BITEKI,
CIC,TWA,
rismA,TOS Gaming,
brast,MixChi,
Bingulz,OSKARAMONO,
rawrieee,Team sol8erry,
Stochastic,InC Frost,
KaneKizz,Young Warriors,
SumeeLunai,OCU,
who am i,Be Man,
Noelowo,CSU,
Esuki,Niflheimr,
Teddy,姊姊壞了我好愛,
Ghetto,Harmony,
ONLY,VNU Esports,
桃園奈々生,把牛變成鱒魚,
ForRockAndStone,InC Frost,
Vyzex,Bagual E-Sports,
Frimus,QUANTICO,
Teddy,LANDODGERS,
rzinss,UC Esports,
Yatoo,APAY eSports,
sol8erry,Team sol8erry,
Merviliano,USM Esports,
Raydar,FINIX ALPHA,
JayZ,Quantum Void,
s0pp,Digital Athletics,
manutetera,B SITE GAMING,
JCL,ZOL Esports,
gomezzzzty,Point Gaming,
Hakanss,Team Poupi,
1yee1wee1yee1wee,Evil Samurai,
WarreN,Eclipse Nexus,
Radwimps Enjoyer,Instinct Skills,
SooT1,Be Man,
pedrojogadas,Attraction Force,
FlixF,Instinct Skills,
DonDon,Young Warriors,
Ya0yU1,Daojiang Husky,
Kyuanyami,esports team αD,
req,InC Frost,
return,FAWZ Purple,
Dodekethon,理科純情男高,
我拥有钢铁般的意志,MYDunWaaAChu,
Kyze,The Krows,
xiaoxia,TUMT Orcinus,
SPARTA,Exsto Gaming,
X1aoMa0,LANDODGERS,
fleks,The Krows,
hEN,TOYO eSports,
HoneyBunny,ZETA DIVISION Academy,
nackey,UT Dallas,
Frxncoo,USM Esports,
aizen,Retiraos,
tavyS,DEXTERITY,
R1abb,Young Warriors,
prettyMy,Unicorn Cyber Da Nang,
Haby,CSU,
TianDi,STU樹德暴風樹,
Boyu,Team Jeicchu,
NemuiZzZz,Dreams To Legends,
vulgar,Jester Circus,
VBlazzt,Unknown Killers E-sport,
Ord1nary,Young Warriors,
kuro5,esports team αD,
sheepy,Team yanxinng,
tinoz,Attraction Force,
XiaoXu,Daojiang Husky,
psychobabble,inside,
rzk,CSU,
Fawzi,TOYO eSports,
SHIMANO DURA ACE,來送幸福的,
altG,Team Rotib4kar,
knives,Mix Wawitas,
espressomilk,Team ESOTERIC,
1 miss her,Jester Circus,
POPPIN,Mix Wawitas,
Rueii,Lucia Rankers,
IFlySausages,Primordials,
lSAGI,INHS Yining,
R4t,HKUF,
Meta,Rock Bottom,
BMoMoツ,momo親子台,
Meracle,Lucia Zenith,
xdd,姊姊壞了我好愛,
Qlove,Blue Eyes White Dragon,
bnj,DEXTERITY,
nsh0o,USM Esports,
TouXi,Daojiang Husky,
Bansen,Divinity,
Eztevan,UC Esports,
X1ngX1nG,ZFE,
LoNglOnG,Young Warriors,
LEV Demon1,INHS Yining,
Spectre,TUMT Orcinus,
Azazel,Be Man,
Liper,UC Esports,
TWEEZY,wombat123,
Akira,Royal Legion,
Minnesota,Quantum Void,
LORDPEN,Team Elzira,
EBEUS,QUANTICO,
Renna,F4TALITY,
LoNe1y,Niflheimr,
Ruka,Team CombatBaby,
Bulang,CSU,
V1ncy,Daojiang Husky,
TonyTrixter,Team beejaayyy,
Lotusflower,KAMK.GG,
失败总是贯彻人生始终,HKUF,
delorean,Unknown Killers E-sport,
羊了個揚,理科純情男高,
KaiSeN,HKUF,
Coldan,Team Coldan,
AndrexLex,Kingdom One,
Reivax,UC Esports,
Dttoツ,來送幸福的,
103,理科純情男高,
neill,Team Cece,
Mallu,KAMK.GG,
JJJJJJ,Mix Wawitas,
hdx,理科純情男高,
ahk,BITEKI,
Mat,MixChi,
IAX SRO,ATF Electric,
bento,來送幸福的,
ChysT,UC Esports,
FATZHAI,INHS Yining,
CaniJ,Star Music,
命运不配做我的对手,姊姊壞了我好愛,
Yii,TUMT Orcinus,
Liovin,Team Cece,
NCK,Quantum Void,
Smez,Runaway,
DWangC,Kingdom One,
SilenC3r,Instinct Skills,
Rotibak4r,Team Rotib4kar,
吧噗的狗汪汪,你媽買菜必漲價,
LemonAid,InC Frost,
wowza,Sho,
zenzii1x,DEXTERITY,
Sopa,Instinct Skills,
MOMO,來送幸福的,
Micera,Team Micera,
Curvezy,Randoms,
Someyomguy,TOS Gaming,
JeqeBRRRRR,KAMK.GG,
may,Elation Vortex,
ExplodedN1KK3,Möyhentäjät,
Shiki,Team Jeicchu,
draseK,Star Music,
BengYan,Jester Circus,
s4dboyyy,Sho,
bajan,Team Kira,
天安門第一坦克手,你媽買菜必漲價,
我期待的不是雪而是有你的冬天,你媽買菜必漲價,
Jeicchu,Team Jeicchu,
ckuma,Chaos Alliance,
h3nsem,IGNITE,
yanxinng,Team yanxinng,
Kazera,RIOS REXON,
krys,Team JoshF,
elzira,Chérie,
Behappy,ZFE,
CosmicFlow,ATF Electric,
malinenn,KAMK.GG,
licho6al,ATF Electric,
SMoMoツ,momo親子台,
PuzzDn,吳恩熙瓜汁,
asavx,Kingdom One,
Lone1y,吳恩熙瓜汁,
IceFeaTheR,你媽買菜必漲價,
Khimber,Möyhentäjät,
ROTTAKUNINGAS,Möyhentäjät,
XUAN,吳恩熙瓜汁,
lucokkj,DEXTERITY,
RMoMoツ,momo親子台,
EAA,ATF Electric,
Shintaroux,Team Jeicchu,
Mynx,Kingdom One,
CMoMoツ,momo親子台,
Whey 100,Möyhentäjät,
Laiyin,Ambitious Legend Gaming GC,
Hansel,Möyhentäjät,
以为我挽留你结局就会改变,MYDunWaaAChu,
Milktea,ZFE,
faithz0r,2Game Esports,
吳恩希,吳恩熙瓜汁,
QUQUQUQUQ,你媽買菜必漲價,
John weak,MYDunWaaAChu,
Calamari,Team Jeicchu,
魔法貓咪,MYDunWaaAChu,
gshuzin,Star Music,
Summa,Team beejaayyy,
1hp,Ambitious Legend Gaming GC,
X1ao3oヅ,吳恩熙瓜汁,
chaosying,Team beejaayyy,
einzuri,Team Micera,
beejay,Team beejaayyy,
tok1o,Fancy United Esports,
foxy,Fancy United Esports,
phonics,Stellae Gaming,
明日花,TWA,
Z1yan,JDG Esports,
5CM,TYLOO,
slowly,TYLOO,
Ezeir,Nova Esports,
K1ra,All Gamers,
Lsn,All Gamers,
Shion7,Dragon Ranger Gaming,
CB,Nova Esports,
V1yA,Wolves Esports,
GuanG,Nova Esports,
