Player,Team,Player_Strength,Total_Rounds_Played
GoodSon,把牛變成鱒魚,167.84,32.0
GiPsy7,Unknown Killers E-sport,131.13,96.0
ray,Team Cece,124.6,19.0
Saluat,TUMT Shark,117.8,165.0
JwN,Team yanxinng,115.34,42.0
florescent,Apeks,109.18,11160.0
Pony,LANDODGERS,108.74,111.0
GARY,ATF Electric,108.32,36.0
miniTahara,QUANTICO,108.21,98.0
srN,MIBR GC,107.74,3288.0
Rey,Team Cece,106.96,19.0
HanJi,OCU,106.1,48.0
KAKUJA,Lucia Rankers,105.53,168.0
Hasagiii,Blue Eyes White Dragon,105.47,124.0
chapix,Lilmix,104.83,513.0
enerii,Team Falcons Vega,104.54,5232.0
Symphony,FINIX ALPHA,104.18,128.0
splash,RRQ Academy,101.94,1885.0
MINJU,ZFE,101.93,35.0
Sayonara,DVM Esport,101.57,1149.0
wetysao,CINTANEGRA Esports,101.16,962.0
Kohaibi,Paper Rex x Spotlight Series,100.92,5096.0
conir,KRÜ BLAZE,100.75,3702.0
DRSMURFFI,Elite Klan,100.18,70.0
angel,Sovereigns,99.85,145.0
Xirid,IMPACT Esports,99.5,60.0
bluexuan,Jester Circus,99.05,39.0
XiaoYu,Evil Samurai,98.76,248.0
Jade,ALTERNATE aTTaX Ruby,98.09,2939.0
Alexy,Team Falcons Vega,97.92,4884.0
Akita,Zerance Mint,97.68,1647.0
17leanndro,Eternal Flame,97.5,248.0
dodonut,Shopify Rebellion Gold,97.29,12248.0
whzy,Bilibili Gaming,96.9,8111.0
dods,KRÜ BLAZE,96.77,2958.0
bstrdd,Team Liquid Brazil,96.44,9717.0
edith,Bun N' Gun,96.06,4807.0
BODYCATCHER,ROUNDS,95.89,220.0
Synfin,Excel EKKO,95.69,68.0
glacier,姊姊壞了我好愛,95.59,56.0
patrickWHO,Global Esports,95.31,1061.0
star,FOKUS Sakura,95.25,1817.0
xeus,FUT Esports,94.64,4132.0
aspas,MIBR,94.33,7613.0
rotini,PETZ,93.89,121.0
Persyk,KAMK.GG,93.88,37.0
ZmjjKK,EDward Gaming,93.77,10159.0
StarBound,Wadadaa,93.73,7718.0
Vania,G2 Gozen,93.72,5423.0
RJM,SSalama,93.66,322.0
T1ankong,VNU Esports,93.65,173.0
PangXinXin,INHS Yining,93.43,71.0
Mary,Team Falcons Vega,93.36,3813.0
WIRE,Elation Vortex,93.33,1654.0
Kyu,M80,93.23,6887.0
sociablEE,BBL Esports,93.16,9377.0
Ninebody,TYLOO,93.08,6941.0
Leen,Twisted Minds Orchid,93.02,3510.0
bucute,Team Flash,93.0,1096.0
purp0,GIANTX,93.0,6544.0
Joliinaa,SK Nebula,92.97,4710.0
DH,T1 Academy,92.92,573.0
Jemkin,Rex Regum Qeon,92.81,4128.0
hibar,SSalama,92.77,466.0
Muddy,YDZ Esports,92.61,4143.0
uuuuuuuuuuuuuuuu,GOOD BOY,92.42,32.0
elllement,CGN Esports,92.35,8103.0
KADIRI,Next Gen,92.33,2249.0
terror,shrimp gaming,92.27,3445.0
sibeastw0w,GMBLERS Esports,92.23,7781.0
Nastiness,GOOD BOY,92.11,291.0
something,Paper Rex,92.06,5887.0
TenTen,T1 Academy,92.04,2079.0
zekken,Sentinels,92.02,12327.0
Famouz,BOOM Esports,92.0,8116.0
Aimlab132K,FOP,91.97,77.0
KhenZy,Stacked Like Pancakes,91.95,846.0
kaho,SFU Pink,91.89,3245.0
trexx,Team Vitality,91.89,6746.0
eluwu,Purr-fectionists,91.85,2158.0
desire,KPI Gaming,91.77,419.0
DEATHMAKER,Revenant XSpark,91.46,11724.0
416,Zoom,91.39,94.0
Dknock,Seulgi Fanclub,91.35,206.0
Melancholy,LANDODGERS,91.35,111.0
Azami,nobody in Paris,91.32,709.0
koalanoob,Natus Vincere,91.17,12813.0
adora,HEROIC Valkyries,91.15,3243.0
Pa1nt,Shopify Rebellion Black,91.08,12992.0
Sato,M80,91.08,5145.0
Proxh,Eintracht Frankfurt,91.04,995.0
Reduxx,Cubert Academy,90.99,15797.0
ara,Bitfix Gaming,90.88,4438.0
Muffyn,Ambitious Legend Gaming GC,90.84,5467.0
Murphy,S2 Esports,90.8,384.0
Extreme,GMBLERS Esports,90.75,2020.0
Toki,DVM Miss,90.71,6066.0
rawfiul,Revenant XSpark,90.68,12154.0
vita,Overtake,90.62,4476.0
decoy,IHC Esports,90.56,990.0
Mattvictus,FINIX ALPHA,90.55,144.0
cNed,FUT Esports,90.54,10159.0
stew,JDG Esports,90.51,4069.0
keznit,KRÜ Esports,90.44,6365.0
Bizerra,Team Liquid Brazil,90.41,7646.0
mwzera,FURIA,90.22,6980.0
Spring,Wolves Esports,90.2,6575.0
Click,Gentle Mates,90.14,3788.0
madv,Team Falcons Vega,90.14,5463.0
NOVAE,Rub n' Pug,90.1,1415.0
Satwoshi,REVE RISE MAX,90.05,580.0
NiSMO,Cubert Academy,90.04,9929.0
N1welS,Retiraos,90.0,439.0
Jelly,MIBR GC,89.94,6379.0
SacrificE,DRX Prospects,89.9,785.0
Derke,Team Vitality,89.81,8962.0
goked,Gentle Mates,89.8,1616.0
tconda,Zen eSports GC,89.76,1757.0
Timotino,QoR,89.67,6741.0
ness,GIANTX GC,89.65,7458.0
LEW,JiJieHao,89.62,6832.0
awe,Usepticals,89.62,182.0
KILLY,Six Karma,89.55,101.0
Fair,Team Digital,89.54,5766.0
Neon,LEVIATÁN Academy,89.45,1840.0
Mesmer,Eternal Flame,89.42,248.0
Yusin,Ambitious Legend Gaming GC,89.39,1794.0
Leo,FNATIC,89.38,8061.0
may,Elation Vortex,89.29,233.0
gobera,2Game Esports,89.19,6726.0
anotherrr,Chinggis Warriors,89.14,1102.0
eetu,SSalama,89.04,380.0
HYUNMIN,DRX,89.03,1556.0
KovaQ,ALTERNATE aTTaX,89.0,5634.0
PowerPixele,Wadadaa,89.0,6071.0
canezera,RANKERS,88.98,7102.0
siiri,SKIPIDI,88.97,103.0
kaajak,FNATIC,88.91,6350.0
ComeBack,BBL PCIFIC,88.85,2760.0
ShoT_UP,Landor,88.79,15079.0
ellie,ALTERNATE aTTaX Ruby,88.77,3206.0
azys,Revenant XSpark,88.7,8391.0
C4pee,HAVU Gaming,88.66,599.0
N4RRATE,Sentinels,88.63,2626.0
Demon1,LEVIATÁN,88.61,6053.0
Core,Culturized,88.59,10009.0
susbake,SK Nebula,88.56,1745.0
SimonD4rk,DNSTY,88.51,8970.0
Izzy,Eternal Fire,88.48,7359.0
Leare,GoodFor3,88.44,8197.0
Smurfette,GIANTX GC,88.44,8124.0
Kess,Nightblood Gaming,88.43,5238.0
marteen,Karmine Corp,88.42,5260.0
alym,Nightblood Gaming,88.42,1642.0
Envy2K,DUPG Esports,88.42,1183.0
vo0kashu,Dragon Ranger Gaming,88.38,9084.0
micaela,KRÜ BLAZE,88.38,3340.0
low,TOYO eSports,88.38,45.0
Cryocells,100 Thieves,88.37,10470.0
basic,Grêmio Esports,88.36,2517.0
Sangelo14,Mix Wawitas,88.35,59.0
yay,Evil Geniuses,88.26,7201.0
FETA,Next Gen,88.24,4414.0
Aaashire,MYDunWaaAChu,88.23,32.0
OXY,Cloud9,88.22,7826.0
Jinggg,Paper Rex,88.17,8701.0
endoist,Z11,88.16,1206.0
Roz,SYS ReigN Esports,88.16,155.0
harambe,Ramboot Club,88.14,1952.0
f0rsakeN,Paper Rex,88.14,10443.0
ChiaWei,把牛變成鱒魚,88.12,2338.0
Moh,The Ultimates,88.11,12742.0
Fractioned,WYLDE,88.11,144.0
Seoldam,RIDDLE ORDER,88.09,3174.0
f1co,Lilmix,88.09,997.0
Zexy,SLT Seongnam,88.08,516.0
Avez,Karmine Corp,88.07,9746.0
Jerrwin,Trust In Plug,87.96,6872.0
Monokuma,Randoms,87.94,1347.0
Freakz,BIGG Siren,87.89,880.0
Gwangboong,Sengoku Gaming,87.88,1906.0
lula molusco,Fenda Dos Streamers,87.85,941.0
Verno,NRG Esports,87.79,11645.0
SpiritZ1,Dragon Ranger Gaming,87.76,1038.0
Needy,TBK Esports,87.74,1865.0
kellyS,Global Esports,87.74,5576.0
wackie,Joblife,87.71,7137.0
Juicy,Wolves Esports,87.71,6502.0
romily,KRÜ BLAZE,87.68,4196.0
Boni,Burger Boyz,87.62,9525.0
1kuzohh,TOROSKLS,87.59,2730.0
Sp1ke,CICADAS Gaming,87.57,8352.0
Cloud,GIANTX,87.56,7179.0
YESicaN,Fancy United Esports,87.55,7934.0
Klaus,SLT Seongnam,87.47,526.0
Alfajer,FNATIC,87.38,7745.0
sonofcar,Lemonade Stand,87.36,9690.0
sKizzo,MixChi,87.34,1226.0
RYKER,CCG Esports,87.29,2114.0
Xan,IGNITE,87.29,3775.0
Marti,DVM Miss,87.28,3819.0
rodd,SAGAZ,87.26,1267.0
XuZee,TUMT Shark,87.24,325.0
Raven,Teddy Tactics,87.16,4048.0
Zanatsu,PR0NETS,87.15,6747.0
Boomy,Awaken Militia,87.11,3069.0
Yeah,PEEK,87.11,3416.0
c0ldd,Dolphins Gaming,87.11,440.0
popogachi,IGZIST,87.09,5352.0
rubkkoide,ShindeN,87.08,4256.0
Moco,ZETA DIVISION GC,87.04,1942.0
Anq,Team Valiant,87.0,5675.0
kamo,Team Liquid,86.99,4043.0
c0n,wombat123,86.93,146.0
xFlessh,Usepticals,86.89,42.0
KHS,TAMU Maroon,86.88,8881.0
Shao,Natus Vincere,86.87,9407.0
Mot1on,Wintermint,86.86,4553.0
jannyXD,Falke Esports,86.85,7242.0
Teddy,First Round Out,86.83,822.0
runneR,GIANTX,86.8,6059.0
invy,Team Secret,86.79,5486.0
Keiko,Team Liquid,86.72,4465.0
Kaaru,SheshMans,86.7,706.0
kiNgg,LEVIATÁN,86.68,7265.0
tomaszy,GIANTX,86.66,4798.0
primmie,TALON,86.65,905.0
SyouTa,ZETA DIVISION,86.62,4868.0
DaviH,CGN Esports,86.58,6236.0
woody,RRQ Academy,86.52,1794.0
Life,FunPlus Phoenix,86.48,8921.0
MaKo,DRX,86.37,8212.0
f4ngeer,KCORP Blue Stars,86.36,2377.0
Spaz,Shopify Rebellion Black,86.32,16314.0
Vitie,SweetNsour,86.25,3351.0
Storm,Blue Eyes White Dragon,86.24,1537.0
Vera,KIMMY KITTENS,86.23,6113.0
ico,TeamOrangeGaming,86.23,1349.0
123,Reckoning Esports,86.22,2222.0
Leo,Prestige Esports,86.2,2126.0
Jrmzie,FUSION,86.2,2179.0
LOB,SCARZ,86.18,3521.0
bones,Landor,86.17,13817.0
K1LLERS,Team Flash,86.08,7534.0
flasHH,The Syndicate,86.08,3657.0
Filu,KOI,86.07,6480.0
Serial,HGE Esport,86.04,3169.0
PatMen,NAOS,86.03,4762.0
JustiN,Scarlet Knights,86.02,40.0
sheydos,KOI,86.0,7604.0
above,Grêmio Esports,85.96,528.0
Thuy,Zerance Mint,85.95,1754.0
Flickless,UCAM Esports Club,85.94,4859.0
sarahcat,Shopify Rebellion Gold,85.9,10576.0
daiki,Team Liquid Brazil,85.89,9424.0
MOLSI,Apeks,85.85,8211.0
Dragon,JiJieHao,85.85,7105.0
Kamiyu,Team Falcons Vega,85.85,3988.0
silentzz,2Game Esports,85.84,6891.0
TRMIS,SSalama,85.81,466.0
Barrett,Berzerkers,85.81,3163.0
t3xture,Gen.G,85.76,6985.0
Elisa,Siko Esports GC,85.73,1058.0
Bob,Blue Otter,85.73,16884.0
ExpMoe,Excel EKKO,85.72,68.0
Mephisto,Six Karma,85.68,1497.0
UdoTan,Global Esports,85.67,2665.0
eva,GIANTX GC,85.67,5579.0
suzu,ZETA DIVISION GC,85.65,2714.0
ZesBeeW,Rival Esports,85.63,8340.0
JA,KIMMY KITTENS,85.63,8200.0
leaf,G2 Esports,85.62,8147.0
XXiF,TSM,85.59,12505.0
chloric,Maryville University,85.54,13298.0
Famsii,HGE Esport,85.49,4355.0
Logan,QoR,85.48,17385.0
Kaoticcc,Turtle Troop,85.46,12530.0
dos9,BOOM Esports,85.44,2651.0
Ali,Winthrop University,85.42,13434.0
Lime,MOUZ,85.4,7165.0
stonezy,Dudes,85.38,2116.0
Fit1nho,Barça eSports,85.38,8965.0
xavi8k,DLSU Viridis Arcus,85.35,6484.0
Winteryrook,Al-Qadsiah Esports,85.32,11703.0
Fin,APAY Academy,85.3,540.0
karie,oomfies,85.26,6454.0
姊姊好壞我好愛,姊姊壞了我好愛,85.26,96.0
furbsa,SaD Esports,85.19,16121.0
SWERL,Nova Esports,85.19,8990.0
lassic,CINTANEGRA Esports,85.17,65.0
Toast,TUMT Shark,85.15,409.0
aNguiSt,Metizport,85.14,5845.0
Dheny,wombat123,85.12,256.0
Kushy,Rex Regum Qeon,85.11,7078.0
shooterR,Cumberland Prophecy,85.09,8675.0
Potter,FULL SENSE,85.07,3504.0
sonder,FlyQuest RED,85.07,12208.0
magic,Dexterity Gaming,85.02,2921.0
Autumn,FunPlus Phoenix,85.01,8129.0
consz,The MongolZ,85.0,1601.0
heat,FURIA,84.99,6230.0
om3y,Primordials,84.98,2460.0
v1c,Cloud9,84.96,12184.0
Meiy,DetonatioN FocusMe,84.96,5391.0
K4DAVRA,Gentle Mates,84.94,7183.0
nabil,Landor,84.94,8130.0
jowa,Turtle Troop,84.92,10756.0
mikeE,Trust In Plug,84.91,9444.0
SID,FEARX,84.86,2248.0
cortezia,MIBR,84.84,5701.0
KEN,CREST GAMING Zst,84.83,1425.0
persona11,Rival Esports,84.83,915.0
marceline,YFP X,84.8,6852.0
Sayf,Team Vitality,84.75,7790.0
Martux,Bitfix Gaming,84.73,4829.0
fabiziN,MixPe,84.71,2041.0
Polvi,UCAM Esports Club,84.71,9194.0
H1ber,HGE Esport,84.7,8588.0
d3mur,ZETA Gaming,84.69,1705.0
wayne,KIMMY KITTENS,84.68,3640.0
Jammu,ROUNDS,84.67,491.0
ALEKSANDAR,QoR,84.67,12428.0
berryx,BLVKHVND,84.64,571.0
bootisz,Atlanta Esports,84.58,705.0
drakk,FUEGO,84.56,2327.0
Australis,Wadadaa,84.53,8127.0
Dark3st,QoR,84.47,24833.0
Yzz,ROA Esport,84.45,19.0
Shu,TUMT Shark,84.45,542.0
pluffy,GMBLERS Esports,84.4,504.0
bunnybee,YFP X,84.38,10055.0
Kr1stal,Global Esports,84.38,5047.0
velis,Torch,84.38,11889.0
rEplan,SAVU,84.34,7342.0
infiltrator,Winthrop University,84.33,9849.0
lexa,Twisted Minds Orchid,84.32,4548.0
diseased,SweetNsour,84.29,3553.0
jademwah,SK Nebula,84.29,7101.0
aduka,Todak,84.29,8498.0
Akame,nobody in Paris,84.24,500.0
ScrewFace,Ambrosia,84.19,18048.0
Persia,Nongshim RedForce,84.17,3674.0
Toro,AB3 Esports,84.14,1198.0
crazyguy,KIMMY KITTENS,84.13,6377.0
Ruxic,Natus Vincere,84.12,5533.0
penny,YFP,84.08,9005.0
Asuna,100 Thieves,84.05,10586.0
nightz,Cubert Academy,84.04,5852.0
Ticey,Permitta Unicorns,84.03,3683.0
Wo0t,Team Heretics,84.0,5146.0
Bumble,Veterans,83.99,1170.0
mada,NRG Esports,83.99,11952.0
tixx,JiJieHao,83.99,4818.0
PuriTy,SK Nebula,83.97,1464.0
DisisJohn,Eintracht Frankfurt,83.97,6579.0
thyy,TALON Academy,83.96,386.0
satellite,Ambrosia,83.95,11794.0
brawk,Shopify Rebellion Black,83.92,12633.0
pLusiovski912,Point Gaming,83.9,97.0
airs,TOS,83.89,121.0
Katu,NOVO Esports,83.86,9115.0
SicK,Sentinels,83.84,7377.0
Palla,Stellae Gaming,83.81,2561.0
al0rante,FOKUS,83.81,7674.0
Okeanos,M80,83.77,12635.0
BuZz,T1,83.76,8993.0
trent,G2 Esports,83.74,8224.0
Veqaj,Team Valiant,83.74,4308.0
Lucky,DFM Academy,83.74,40.0
Jesse,Joblife,83.72,8764.0
Czester,Szach Mat,83.7,2397.0
Ash,Gen.G Global Academy,83.7,2360.0
Rem,BC SWELL,83.68,1282.0
tungyao,Niflheimr,83.68,79.0
welyy,Blue Otter,83.67,14709.0
gin,Rapid Lofi,83.64,6136.0
nk4y,Axolotl,83.63,5741.0
WanZeru,děti ulice,83.62,2896.0
Clewy,ROSE,83.61,4200.0
unstable,Passion Project,83.6,8723.0
kAyle,Dplus Esports,83.59,1550.0
DaGG3r,Lost Puppies,83.59,1185.0
alexiiik,Zero Tenacity,83.58,5600.0
Monyet,Rex Regum Qeon,83.57,5776.0
Goaster,Team Valiant,83.54,7352.0
leeni,FOKUS Sakura,83.54,3188.0
ghoul33,LEVIATÁN Academy,83.53,938.0
Lyda,HEROIC Valkyries,83.49,6569.0
TakaS,DVM Esport,83.48,6639.0
zery,XPERION NXT,83.46,5433.0
russ,ESC Gaming,83.43,7172.0
Wildfire,Maryville University,83.41,7619.0
Xross,Nongshim RedForce,83.41,1804.0
shinnok,Metizport,83.41,2669.0
BerserX,BOOM Esports,83.39,9864.0
froz,FN Pocheon,83.39,428.0
Elite,Karmine Corp,83.36,5202.0
snw,ShindeN,83.36,5905.0
spike,2Game Esports,83.34,2400.0
XmA,VNU Esports,83.32,113.0
PROFEK,BBL Esports,83.32,5449.0
Chronicle,FNATIC,83.32,9615.0
practo,Funhavers,83.29,7315.0
wak1e,Lilmix,83.28,1777.0
NoMan,ESC Gaming,83.23,2350.0
Ady,REVE RISE MAX,83.21,728.0
Elab0rate,YFP X,83.17,3982.0
eyan,ROSE,83.17,3487.0
szoren,EXO Clan,83.15,4604.0
zerona,SaD Esports,83.15,9110.0
Shondex,Blue Otter,83.13,10244.0
szimpli,Pixel Lumina,83.11,7024.0
seven,TSM,83.11,12648.0
ZYND,ZOL Esports,83.07,5044.0
ki1wsy,Z11,83.07,481.0
jas,Enterprise Esports,83.06,8208.0
PTC,NAOS,83.06,10634.0
fluxxy,HEROIC Valkyries,83.05,3059.0
hieu,YDZ Esports,83.02,3655.0
andrew,Resonate,83.01,7510.0
xuss,FOKUS,82.99,10193.0
eeiu,100 Thieves,82.98,9040.0
taka,DELIRA,82.98,3246.0
HOPS,TOROSKLS,82.98,836.0
SGe,HKUF,82.96,41.0
CRUNCH,Bon Bon Bum Contra,82.95,6667.0
Dobsha,FUSION,82.91,3216.0
Fizzy,MOUZ,82.9,8320.0
lazylion,Passion Project,82.88,8625.0
MiuMiuKK,TUMT Orcinus,82.88,72.0
balloons,inside,82.87,209.0
iZu,T1,82.84,2997.0
avery,Bun N' Gun,82.83,9183.0
Kira,Siko Esports GC,82.83,2794.0
DeepMans,S2G Esports,82.82,4838.0
shawz,Wadadaa,82.79,3940.0
nex,PETZ,82.78,80.0
fasuu,OXEN,82.78,126.0
darky,MixChi,82.78,50.0
toozy,SaD Esports,82.78,12270.0
kaiser,Hakikimori,82.77,228.0
Zhe,STU樹德暴風樹,82.74,66.0
SiuFatBB,Wolves Esports,82.74,5142.0
jamter,Coalesce,82.72,3288.0
phc,Stellae Gaming,82.72,3163.0
Khosoko,Sovereigns,82.69,462.0
thiefy,NOEZ FOXX,82.69,3741.0
narky poo,wombat123,82.66,142.0
IKANA,JiJieHao,82.65,3460.0
Papi,Global Esports,82.62,7993.0
Nakya,Alter Ego,82.62,4251.0
Zeravla,Daguestan,82.62,484.0
AcZy,Exsto Gaming,82.6,946.0
UnLazy,Us Guri,82.6,39.0
Addi,Formulation GC,82.59,3003.0
Cain,SFU Pink,82.58,9187.0
Mited,E-Xolos LAZER,82.57,5288.0
moose,Cloud9,82.53,13573.0
toggle,Todak,82.5,2636.0
SUPERBRON,SEN Shahzam,82.49,466.0
punda,JiJieHao,82.48,7108.0
audaz,Digital Athletics,82.47,1462.0
Ambi,CGN Esports,82.47,9489.0
Loss,A nova onda do Imperador,82.47,1340.0
CaspeR,Purr-fectionists,82.47,4526.0
skuba,Cubert Academy,82.42,10922.0
Eggsterr,RANKERS,82.41,945.0
Zamal,Pigeons,82.4,10039.0
moshieroo,Twisted Minds Orchid,82.37,3972.0
LenX,Pigeons,82.37,24855.0
Less,Team Vitality,82.37,6117.0
bipo,MOUZ,82.37,5009.0
kamyk,Team Liquid,82.35,6812.0
Splotza,B SITE GAMING,82.34,125.0
MooN,SP Falcons,82.34,20.0
Eren,TYLOO,82.34,4398.0
lamelly,Bitfix Gaming,82.34,2560.0
Dambi,Nongshim RedForce,82.33,2097.0
Kiuuuu,Oblivion Force,82.32,4032.0
UR,REIGNITE Lily,82.32,1423.0
Lar0k,BBL PCIFIC,82.31,2537.0
Sayaplayer,REJECT,82.25,6945.0
Nelo,G2 Gozen,82.22,7376.0
Tisora,A nova onda do Imperador,82.21,8109.0
Bad,Life's a Game,82.21,3824.0
meli,Stacked Like Pancakes,82.21,496.0
jay,First Round Out,82.21,372.0
sayfposting,Seulgi Fanclub,82.2,430.0
soren,KCORP Blue Stars,82.19,2450.0
Iceyyy,Xipto Esports,82.19,365.0
alvinboy,Burger Boyz,82.18,10637.0
laser,NXT,82.17,934.0
Kirito,Chaos Alliance,82.17,59.0
Vuubit,Formulation Gaming,82.16,6140.0
lux9,Zerance,82.15,3360.0
Cowpie867,YDZ Mafia,82.13,4158.0
Mojer,NAOS,82.12,5029.0
ExpiredNuts,Erinite Esports,82.1,2392.0
forbanz,DELIRA,82.08,5271.0
k1Ng,NOBLES,82.07,7091.0
Dep,ZETA DIVISION,82.04,6392.0
Razziss,NOM Esports,82.02,1683.0
sym,TSM,81.99,9863.0
Loita,BBL PCIFIC,81.98,2877.0
PKX,PEEK,81.96,3432.0
CXIX666,The MongolZ,81.95,1666.0
Bosheng,LP33,81.95,118.0
nAts,Team Liquid,81.95,8931.0
Avvix,Al-Qadsiah Esports,81.93,4402.0
Zyppan,Gentle Mates,81.87,9286.0
musashi,Eintracht Frankfurt,81.87,9096.0
tortis,Team sol8erry,81.85,166.0
varuxx,SZK Esports,81.84,1773.0
Tiezzi,Grêmio Esports,81.83,1524.0
Meteor,T1,81.82,6523.0
bao,Trust In Plug,81.81,5023.0
Chaza,SheshMans,81.81,586.0
meL,Shopify Rebellion Gold,81.77,12308.0
Jackk,Overtake,81.75,5074.0
QutionerX,Eternal Fire,81.73,4646.0
Scottie,Overtake,81.73,8008.0
Bugh1nio,MixPe,81.72,558.0
LewN,BBL Esports,81.71,4431.0
UNFAKE,Joblife,81.71,7161.0
Perry,Moon,81.69,1555.0
d4v41,Paper Rex,81.66,10259.0
Felix,ALTERNATE aTTaX,81.65,6138.0
bzt,Pixel Lumina,81.62,10302.0
nzr,MIBR,81.61,6654.0
Minny,Gentle Mates,81.6,6940.0
noze,Formulation GC,81.58,2259.0
dgzin,LOUD,81.55,5722.0
waddle,DNSTY,81.55,8556.0
Shiro,BOOM Esports,81.54,8097.0
ismazao,bloodS,81.53,101.0
free1ng,DRX,81.52,2657.0
YOME,DRX Changers,81.51,1099.0
starkk,Falke Esports,81.49,7336.0
bdog,M80,81.48,11627.0
Mickebwoy,Axolotl,81.46,5766.0
chiwa,BBL Esports,81.44,9181.0
Caedye,RIDDLE ORDER,81.43,1445.0
Dinxx,West Virginia University,81.41,8351.0
coconut,Xi Lai Gaming,81.41,3995.0
nephh,Bilibili Gaming,81.4,5009.0
sogo,Fisher Navy,81.38,9453.0
maniek,Pixel Lumina,81.34,9046.0
Hansia,Original Gaming,81.32,2176.0
babu,SP Falcons,81.3,444.0
シガレット,APAY Academy,81.3,47.0
Leosen,Eintracht Frankfurt,81.3,7149.0
SoTired,F4TALITY,81.29,948.0
krejz,Barça eSports,81.29,1766.0
Zephyr,AURA,81.28,163.0
Twirly,Purr-fectionists,81.28,2671.0
FirstLove,Himothys,81.26,4904.0
Harmii,Team Liquid,81.26,351.0
Moothie,T1 Academy,81.24,4543.0
Smoggy,EDward Gaming,81.24,8813.0
appA,unsigned,81.23,3409.0
qw1,Galakticos,81.21,7619.0
ip0TT,Papara SuperMassive,81.2,6192.0
Wolfen,CGN Esports,81.2,5332.0
hoody,FOKUS,81.18,8523.0
MONSTEERR,KOI Fénix,81.17,6106.0
Leviathan,FULL SENSE,81.17,4976.0
Zellsis,Sentinels,81.16,10325.0
golack,Coalesce,81.16,1385.0
eKo,NOEZ FOXX,81.15,4603.0
Srx,Onyx Ravens,81.13,4227.0
Akame,DetonatioN FocusMe,81.12,3889.0
Tuli,Rebirth Esports,81.12,4468.0
zeddy,KPI Gaming,81.09,11452.0
Darker,E-Xolos LAZER,81.05,3229.0
biazik,KRÜ BLAZE,81.05,7197.0
Hyperzxz,Siko,81.05,7628.0
blowz,LEVIATÁN Academy,81.05,2114.0
devilasxa,SK Nebula,81.04,4644.0
Paincakes,Shopify Rebellion Black,81.03,15696.0
mimi,G2 Gozen,81.01,6999.0
snappy,TALON Academy,81.01,361.0
Kamisseq,NOVO Esports,81.0,5461.0
Tvnaso,Dolphins Gaming,80.99,402.0
Rarga,Xi Lai Gaming,80.99,3288.0
TajReX,Zero Tenacity,80.98,3267.0
paTiTek,Team Liquid,80.97,10496.0
marin,REVE RISE MAX,80.96,4845.0
MiniNiwde,FUSION,80.95,3501.0
mili,Refrag,80.93,7430.0
bao,M80,80.92,5117.0
moefcute,LAZY,80.92,5153.0
alyaL,Team Flash,80.92,6363.0
Chadi,Ramboot Club,80.92,8363.0
amy,G2 Gozen,80.91,5744.0
jduh,Al-Qadsiah Esports GC,80.89,5973.0
RetrQ,Burger Boyz,80.89,28761.0
Miyori,HEROIC Valkyries,80.88,4733.0
YOU,Xi Lai Gaming,80.86,6756.0
Ange,Maryville University,80.82,16817.0
KING VINNY,Green Grapes,80.81,9320.0
moobs,Winthrop University,80.81,6268.0
Venka,Orangutan,80.81,3493.0
frutta,Scarlet Knights Black,80.81,2235.0
SpYzera,The Ultimates,80.77,11787.0
thooOOM,TeamOrangeGaming,80.76,2840.0
ACHRF,Onyx Ravens,80.75,7258.0
aidan,WYLDE,80.75,1992.0
bruninej,Agropesca Jacare,80.74,2855.0
Rossi,Exsto Gaming,80.74,1586.0
Mundy,club penguin,80.73,868.0
david,ShindeN,80.73,4802.0
Paradox,Level 5,80.73,9429.0
nixx,Vulcan Rising,80.72,2274.0
jkuro,JDG Esports,80.72,3176.0
MiniBoo,Team Heretics,80.7,6601.0
WerlasS,Galatasaray Esports,80.69,4880.0
diky,IHC Esports,80.68,983.0
zhen,S2 Esports,80.66,1862.0
NT2k,Unicorn Cyber Da Nang,80.65,5964.0
Jww,101 Outlaws,80.65,609.0
Zauqk,Next Gen,80.65,4225.0
Blahst,Funhavers,80.63,21076.0
fishball,Todak,80.62,2574.0
Truth,St. Clair Saints,80.61,8902.0
kaua,ZETA DIVISION Academy,80.59,455.0
zMART,Onyx Ravens,80.55,5823.0
deLb,All Gamers,80.52,5450.0
Noia,Shopify Rebellion Gold,80.52,11235.0
Feniz,E-Xolos LAZER,80.51,4999.0
karam1l,DUPG Esports,80.47,3641.0
Hyuse,Fancy United Esports,80.43,878.0
Lok1,Unknown Killers E-sport,80.43,152.0
lowel,Barça eSports,80.42,5521.0
Anima,Eternal Fire,80.42,4345.0
neto,Nottingham Miedo,80.41,3737.0
KeA,Unicorn Cyber Da Nang,80.41,5110.0
EvoLuZionz,ENFASIS,80.4,979.0
Leozin,PR0NETS,80.38,3955.0
Ale,Lilmix,80.37,8034.0
Pure,101 Outlaws,80.35,683.0
turkish,SAGAZ,80.35,3341.0
sanoj,F4TALITY,80.35,944.0
geeza,Maryville University,80.34,13696.0
Excali,MiBH,80.33,14147.0
exa,T1 Academy,80.33,7110.0
Anva,Al-Qadsiah Esports GC,80.33,4599.0
twelve,Rival Esports,80.32,618.0
zeek,Enterprise Esports,80.32,8347.0
EscO,esports team αD,80.32,1076.0
dip,SaD Esports,80.29,20445.0
NINJA,Team Liquid Academy,80.28,2604.0
Vecious,AB3 Esports,80.27,394.0
PRX something,INHS Yining,80.25,53.0
jakee,YFP,80.24,15203.0
Jolpi,Lotus Knights,80.23,1885.0
BujaXD,Wygers,80.23,123.0
d1srupt,Unicorn Cyber Da Nang,80.19,5807.0
Kazler,Refrag,80.19,6982.0
MCD,GoodFor3,80.17,2764.0
mclovin,Cumberland Phoenix,80.17,2254.0
doma,Enterprise Esports,80.16,7598.0
atlas,Cumberland Prophecy,80.16,8798.0
Karon,Gen.G,80.15,3642.0
calsushi,Teddy Tactics,80.15,4056.0
ting2k5,Team Flash,80.15,4634.0
Slammed,Abdes Daycare,80.15,2503.0
wedid,M80,80.14,13149.0
Kheops,Axolotl,80.13,8292.0
Pinkalie,Zerance Mint,80.13,5528.0
isaa,Team Liquid Brazil,80.11,10151.0
Banger,FEARX,80.1,2464.0
insano,PEEK,80.1,1510.0
Kevzii,ZOL Esports,80.1,5988.0
Benjamizz,USM Esports,80.1,132.0
pompZ,Chivas Esports,80.09,1525.0
Nanners,Burger Boyz,80.08,25531.0
妳知道雞米花的花語是什麼嗎,TWA,80.08,155.0
BandiCoot,FUEGO,80.05,5113.0
duhT,Agropesca Jacare,80.05,5973.0
vakk,BBL Esports,80.05,9878.0
Aeric,Aspyre x Swarm,80.04,7955.0
Grmekista,Zero Tenacity,80.03,6761.0
FireBallOps,Nightblood Gaming,80.03,17210.0
samed,TeamOrangeGaming,80.02,1800.0
DNYGETSU666,PETZ,79.98,80.0
7ssk7,KPI Gaming,79.98,8533.0
winderz,Fractal Gaming,79.98,1752.0
Tim,Funhavers,79.96,16450.0
archiw0w,Genziary,79.91,4401.0
baddyG,DNSTY,79.9,7482.0
CyvOph,Mandatory,79.9,3241.0
s0m,NRG Esports,79.9,8265.0
Gunners,děti ulice,79.89,4192.0
AtaKaptan,FUT Esports,79.88,7553.0
Cunha20,Falke Esports,79.87,2342.0
NagZ,9z Team,79.87,7237.0
rezq,DVM Miss,79.87,2915.0
tokameite,Twisted Minds Orchid,79.87,3378.0
cauanzin,LOUD,79.86,4900.0
coldfish,TYLOO,79.85,6094.0
Obnoks,MOUZ,79.85,10077.0
Minty,RIDDLE ORDER,79.84,4803.0
Dev0,GoodFor3,79.84,5026.0
Luca,EXO Clan,79.82,2957.0
Sin,SKIPIDI,79.82,521.0
zaj,YDZ Esports,79.82,6889.0
Chillin,Team Digital,79.81,4521.0
alca,Rebirth Esports,79.8,4174.0
Kipperman,Genziary,79.79,3749.0
Jremy,Team Secret,79.78,4402.0
Zhannn,ROA Esport,79.78,1025.0
jawgemo,G2 Esports,79.77,9582.0
flare,Winthrop University,79.77,3966.0
xenom,MIBR,79.76,4324.0
Sota,DFM Academy,79.75,453.0
Aace,FENNEL,79.73,1263.0
Bak1,OCU,79.72,400.0
juseu,Metizport,79.72,7808.0
lyrical,Awaken Militia,79.67,3110.0
Fetiz,SP Falcons,79.65,424.0
d3ffo,SweetNsour,79.64,8427.0
Javiierh,Chivas Esports,79.63,1978.0
YanLi,把牛變成鱒魚,79.59,2032.0
Dio,STU樹德暴風樹,79.58,66.0
Governor,TALON,79.57,17868.0
bazz,CREST GAMING Zst,79.56,4723.0
GangPin,T1 Academy,79.55,3468.0
wodz,club penguin,79.53,1674.0
hidy,5 Budak Gemuk,79.52,188.0
Virtyy,E-Xolos LAZER,79.51,12848.0
sayuri,MIBR GC,79.51,7822.0
Toy,Soi Thai Esports,79.5,1922.0
kooniiee,5 Budak Gemuk,79.5,456.0
Yuki,Dexterity Gaming,79.47,3997.0
Absol,Murash Gaming,79.46,2045.0
TORONTO,SAGAZ,79.46,1215.0
pandejalea,CINTANEGRA Esports,79.45,1610.0
deseo,FAWZ Purple,79.43,801.0
Demi,Hakikimori,79.41,1939.0
6ixKey,RRQ Academy,79.41,1276.0
suther,9z Team,79.4,5634.0
Sand,The Ultimates,79.39,9885.0
melya,Green Grapes,79.37,8022.0
Xeppaa,Cloud9,79.35,6641.0
shion,Corinthians Esports,79.33,6584.0
zui,Made in Bandung Widyatama x Binus,79.3,350.0
Tacolilla,9z Team,79.29,6577.0
hiro,Natus Vincere,79.29,3449.0
Flashback,DRX,79.29,2520.0
Amcar,NOM Esports,79.27,286.0
tex,LEVIATÁN,79.27,8989.0
Spartan,Team beejaayyy,79.25,13.0
Mihlog,Team Flash,79.24,1949.0
thief,YFP,79.22,14377.0
zander,100 Thieves,79.21,11122.0
Jerk,Winthrop University,79.19,19719.0
s5hao,FOP,79.18,19.0
pyrolll,KPI Gaming,79.14,5050.0
malc13,inside,79.14,209.0
CLZ,ZETA DIVISION,79.11,5967.0
havoc,FURIA,79.09,4903.0
Yoshiii,SCARZ,79.08,4626.0
Samsi,Siko Esports GC,79.04,6044.0
nTK,Team Big BAAM,79.03,6055.0
Scarlett,Formulation GC,79.03,4580.0
bravo,NOM Esports,79.02,912.0
KimHung2k5,Team Big BAAM,79.01,412.0
RARE,NOM Esports,79.0,2486.0
bang,Sentinels,79.0,10695.0
seph1roth,FULL SENSE,78.99,4579.0
nerve,QoR,78.99,20460.0
MiradaNinja,LEVIATÁN Academy,78.98,904.0
Terrox,XPERION NXT,78.96,1734.0
Derrek,Evil Geniuses,78.95,9324.0
dth,DELIRA,78.94,2644.0
Mazino,KRÜ Esports,78.93,7232.0
NOBITA,Sengoku Gaming,78.92,3889.0
puggy,Formulation Gaming,78.91,5619.0
Kalkkuna,Formulation Gaming,78.91,2560.0
Loweed,Agropesca Jacare,78.91,2125.0
Cohburg,Pigeons,78.88,19721.0
CORONEL,Fractious Esports,78.87,1196.0
16Ch0ps,Fancy United Esports,78.86,2456.0
ntk,Orquestra Do Maestro,78.86,9745.0
erde,LEVIATÁN Academy,78.84,1923.0
RobbieBk,Gentle Mates,78.84,5134.0
acrian,Ambrosia,78.83,10418.0
Instxnct,Team Digital,78.8,8143.0
Petra,G2 Gozen,78.79,6613.0
Cintyx,Bitfix Gaming,78.77,5165.0
mzr,Bagual E-Sports,78.77,1243.0
keisu,BLUE BEES.ESP,78.77,548.0
GLYPH,Ambrosia,78.76,21626.0
watasink,Oblivion Force,78.76,3655.0
skz,Orquestra Do Maestro,78.75,4118.0
kyracujoh,F9 Iris,78.75,1496.0
lcdFFF,Elite Klan,78.74,2628.0
fusion,club penguin,78.71,1292.0
schnellÆ,Al-Qadsiah Esports GC,78.7,5354.0
johnqt,Sentinels,78.68,8392.0
F1kenn,Quantum Void,78.67,39.0
valyn,G2 Esports,78.67,12368.0
gMd,TSM,78.67,13109.0
huawei1016,VNU Esports,78.67,148.0
waleed,Onyx Ravens,78.66,3604.0
Deryeon,Global Esports,78.65,8496.0
DataKiller,ROSE,78.63,5755.0
RedKoh,IGNITE,78.6,7397.0
Z3RO,ZETA Gaming,78.59,4919.0
zK1,Harmony,78.58,1707.0
ZachKappa,KOI Fénix,78.57,2621.0
rich,Vulcan Rising,78.55,1154.0
Yuicaw,Wolves Esports,78.54,5978.0
Eso177,EXO Clan,78.54,7301.0
Deqadz,EXO Clan,78.53,3257.0
STYRON,KIMMY KITTENS,78.53,5940.0
Izo,Dexterity Gaming,78.53,3524.0
panday,oomfies,78.52,9210.0
twilight,Fancy United Esports,78.49,879.0
Bavian,Prestige Esports,78.49,2732.0
MrFaliN,FUT Esports,78.49,8017.0
lenne,IGNITE,78.48,7109.0
yoman,Gen.G,78.48,5221.0
SUPERKAT,oomfies,78.44,6245.0
jfoeN,Cumberland Phoenix,78.42,7110.0
raised,PANCADAO,78.41,1017.0
JonahP,G2 Esports,78.41,11036.0
crona,Zen eSports GC,78.4,2181.0
Fixy,Xipto Esports,78.39,1731.0
Sinaway,Next Gen,78.37,4336.0
Copomandril,inside,78.36,244.0
sterben,Galakticos,78.35,9441.0
lil maty,USM Esports,78.33,132.0
stallion,Berzerkers,78.33,2394.0
evv,YFP X,78.32,7955.0
kawaii,Titan Esports Club,78.31,2659.0
Hals,FENNEL,78.3,1540.0
Munchkin,Gen.G,78.29,7854.0
pANcada,LOUD,78.28,6362.0
logaN,DVM Esport,78.28,8327.0
Hermit,L9HAHAHA,78.28,209.0
kyrrz,Ramboot Club,78.28,5767.0
renz,Maryville University,78.27,19010.0
poegii,Siko,78.27,3022.0
kori,Divinity,78.26,78.0
Siduzord,Stellae Gaming,78.25,5491.0
斗鱼丶阿肆,Niflheimr,78.24,79.0
SUYGETSU,Karmine Corp,78.24,8961.0
Lukey,EXO Clan,78.22,2722.0
Hyzee,LAZY,78.22,6239.0
Miku Nakano,L9HAHAHA,78.2,109.0
ban,TALON,78.19,11671.0
jzz,PR0NETS,78.17,3997.0
Bangnan,Dplus Esports,78.17,3820.0
Sevire,KCORP Blue Stars,78.15,4687.0
caydeN,DNSTY,78.14,7573.0
Rb,Titan Esports Club,78.12,8422.0
invisible,Team Big BAAM,78.12,563.0
siJk,Dudes,78.11,4675.0
Kicks,Team Vitality,78.11,4809.0
LIMPE,Wintermint,78.09,6871.0
QiaoEn,OCU,78.08,106.0
sultan,NAOS,78.06,922.0
nex1SphiX,The MongolZ,78.04,2459.0
cxyy,Trace Esports,78.04,3468.0
FengF,Trace Esports,78.04,7183.0
Laser,Jester Circus,78.03,39.0
Letha,SKIPIDI,78.03,492.0
jota,SSalama,78.03,297.0
Sueiy,Life's a Game,77.99,2640.0
Baransel,Galatasaray Esports,77.99,3572.0
Estrella,Rex Regum Qeon,77.97,3367.0
VenTT,Papara SuperMassive,77.97,4697.0
Yohpa,KCORP Blue Stars,77.97,1763.0
oitaN,IGZIST,77.96,5448.0
Kal1sto,Sovereigns,77.94,248.0
D4rf,Team NKT Academy,77.94,1783.0
PhriZ,Point Gaming,77.93,97.0
Raxcal,FN Pocheon,77.91,247.0
Surf,TALON Academy,77.9,3535.0
kobra,CNEsports,77.89,4165.0
peixeh,Grêmio Esports,77.89,2714.0
Yuta,CICADAS Gaming,77.88,4415.0
Ivy,Nongshim RedForce,77.88,2097.0
jisoon,Worst Generation,77.87,621.0
mimi,DFM Academy,77.86,40.0
Chintu,IHC Esports,77.86,1338.0
adrnking,Alter Ego,77.84,8132.0
Buld,NOVO Esports,77.82,8675.0
riyabtw,Oblivion Force,77.8,1570.0
lukxo,LOUD,77.77,4304.0
Klamran,ROSE,77.76,11211.0
Anthem,SCARZ,77.75,3173.0
umu7,Papara SuperMassive,77.75,2375.0
Sebaaah,ENFASIS,77.74,857.0
vis,UT Dallas,77.73,944.0
flora,REVE RISE MAX,77.71,791.0
glym,RED Canids,77.7,5366.0
fsau,Cumberland Phoenix,77.69,1551.0
rYn,UCAM Esports Club,77.69,2916.0
Deadly10,Reckoning Esports,77.69,7948.0
Müza,Instinct Skills,77.67,37.0
Cinjvv,IHC Esports,77.66,1314.0
BALLI,CICADAS Gaming,77.65,2995.0
Happen,Permitta Unicorns,77.65,7240.0
PepegaPig,LG Orange,77.65,3372.0
deev,Dolphins Gaming,77.63,402.0
Jinboong,DetonatioN FocusMe,77.62,6243.0
viness,Team Secret Academy,77.62,5856.0
xffero,Rex Regum Qeon,77.61,8024.0
xad,Axolotl,77.6,1570.0
adverso,KRÜ Esports,77.58,7843.0
Art,DetonatioN FocusMe,77.55,3814.0
Natasha,OSKARAMONO,77.51,3217.0
BarcK,NXT,77.51,805.0
Grimmjow,MixPe,77.5,1222.0
artzin,MIBR,77.5,3853.0
Ethan,NRG Esports,77.49,6593.0
Lele,ZETA Gaming,77.48,5115.0
Enzo,Mandatory,77.48,10086.0
gucc107,West Virginia University,77.48,21262.0
deminatiX,İstanbul Wildcats,77.47,3028.0
NDG,Team Secret Academy,77.47,3218.0
BiggieCheese,Next Gen,77.47,4238.0
BcJ,Shopify Rebellion Black,77.46,7957.0
B3ASTM0D3,ESC Gaming,77.46,4855.0
kz,Dimonis eSports,77.46,565.0
Kuba,FOKUS,77.45,3475.0
SkyIsBlue,The MongolZ,77.44,1797.0
shimoda,Divinity,77.43,416.0
Jerado,Cumberland Destiny,77.43,2631.0
Jan,BC SWELL,77.43,2131.0
Syncro,Dolphins Gaming,77.42,523.0
Tempz,IGNITE,77.41,4493.0
selin,Formulation GC,77.4,967.0
DaFt,Unicorn Cyber Da Nang,77.4,3207.0
pckwN,Digital Athletics,77.37,3080.0
cidZzZ,Legacy,77.36,3849.0
YuNo,UCAM Esports Club,77.34,2836.0
MiLuan,SAIO,77.34,1942.0
squirmor,Overtake,77.33,6825.0
desire,TBK Esports,77.31,4475.0
LohaN,Team Liquid,77.31,1675.0
speedy,Lilmix,77.31,1053.0
Dia,DRX Changers,77.29,1112.0
grubinho,KOI,77.28,9829.0
demon,MBU Spartans,77.28,11179.0
Squish,Dreams To Legends,77.22,436.0
Forcee,OXEN,77.22,2732.0
drz,Atlanta Esports,77.2,986.0
YaBoiLewis,FOKUS,77.19,7595.0
Flex1n,Dragon Ranger Gaming,77.19,4194.0
Bobovo,Culturized,77.19,12974.0
Sancho,AB3 Esports,77.17,1766.0
Guardy,KOI Fénix,77.13,5375.0
Blossi,ALTERNATE aTTaX Ruby,77.13,5668.0
Joojina,Team Liquid Brazil,77.12,7631.0
KHaaLiD,The Ultimates,77.1,10233.0
bucher,UCAM Esports Club,77.1,5169.0
MaximN,Formulation Gaming,77.1,3745.0
Lightningfast,Velocity Gaming,77.1,8819.0
Sylvan,T1,77.09,5138.0
gotten,Alter Ego,77.08,3872.0
vii,Zen eSports GC,77.08,3601.0
nufEZ,Retiraos,77.07,706.0
Bobbert,SEN Shahzam,77.06,3001.0
CHICHOO,EDward Gaming,77.06,8972.0
Xdll,ZETA DIVISION,77.05,4340.0
k41zE,Hungkuang Falcon,77.04,230.0
Tn,ROSE,77.04,3821.0
canady,TALON Academy,77.04,700.0
沒心情,CSU,77.04,41.0
Zoestol,Blue Otter,77.03,13910.0
Yukine,Event Horizon,77.03,4555.0
GrimReaper874,Prestige Esports,77.02,3809.0
ianto,SweetNsour,77.02,3656.0
Lafura,BLUE BEES.ESP,77.02,1060.0
darkwinjett,unsigned,77.01,1764.0
Croudy,TUMT Shark,76.98,324.0
yearn,Landor,76.94,3083.0
Mousou Express,L9HAHAHA,76.93,146.0
xiTsha,Team Valiant,76.93,7381.0
Kolby,FAWZ Purple,76.93,247.0
TOOMEN,TOYO eSports,76.91,45.0
Seth,Excel EKKO,76.87,87.0
Sandra,Al-Qadsiah Esports GC,76.87,4359.0
Edw4rd,Himothys,76.82,2486.0
Burzzy,Metizport,76.82,5133.0
Booey,Hakikimori,76.82,1332.0
Reita,Murash Gaming,76.81,6189.0
Tonbo,Murash Gaming,76.8,3646.0
yetujey,FUT Esports,76.8,5501.0
999kvmil,Formulation Gaming,76.79,5572.0
hkizi,Moon,76.79,876.0
Ichigo,Sho,76.78,41.0
Whyphy,Alter Ego,76.78,80.0
Stwz1,A nova onda do Imperador,76.78,3735.0
otaQ,Six Karma,76.78,2105.0
Michel,HGE Esport,76.76,2272.0
hAwksinho,Coalesce,76.75,1389.0
CabezA,Dplus Esports,76.74,1199.0
MeatPieN,Delight,76.73,1406.0
Hotsauz,ZOL Esports,76.73,3593.0
Nora,YFP X,76.71,8578.0
keloqz,Mandatory,76.71,5603.0
westside,GIANTX,76.7,3654.0
OneSnipeKO,Life's a Game,76.7,5717.0
Tomasame,Usepticals,76.69,64.0
ruso,Daguestan,76.67,360.0
Happy,Natus Vincere,76.66,3288.0
neth,FENNEL,76.62,6062.0
Saiz,Barça eSports,76.61,5653.0
mimier,BLVKHVND,76.6,165.0
Nunmeister,děti ulice,76.59,3567.0
mitch,Cloud9,76.59,11809.0
Poseidon,The Syndicate,76.59,1908.0
Nightmare,TUMT Orcinus,76.58,226.0
yosemite,FunPlus Phoenix,76.58,7661.0
benaf,Himothys,76.57,3736.0
pollo,Corinthians Esports,76.56,6621.0
Medusa,SCARZ,76.56,5228.0
jas0n,UC Irvine,76.56,10993.0
reazy,S2G Esports,76.55,5016.0
tricky,Reckoning Esports,76.55,2969.0
LoRangeZ,Team NKT Academy,76.51,1746.0
AceStaRRRRR,DUPG Esports,76.47,1270.0
feveTz,PETZ,76.46,471.0
Morgausse,Cumberland Destiny,76.46,10057.0
lurzy0y0,Digital Athletics,76.46,6485.0
MarT1n,Xi Lai Gaming,76.46,2658.0
Annie,DVM Miss,76.44,4524.0
DESTRUCT1VEE,Galakticos,76.43,8018.0
avey,NXT,76.43,910.0
woddy,Cumberland Phoenix,76.42,7178.0
zeek,Blue Otter,76.41,10583.0
sayoo,Alter Ego,76.41,6771.0
bnj,Nottingham Miedo,76.41,4365.0
tbloy,TALON Academy,76.4,1072.0
KnightVoice,Wintermint,76.4,5039.0
Kozok,Szach Mat,76.39,6498.0
tsägä,wombat123,76.37,842.0
icy,Evil Geniuses,76.37,15365.0
Kouf,Pigeons,76.36,10109.0
Xhowi,FUSION,76.35,5366.0
Xenoo,Team yanxinng,76.32,2175.0
Fighter,The Ultimates,76.3,5732.0
ValdyN,Alter Ego,76.3,4117.0
OLIZERA,KOI Fénix,76.3,6073.0
LilHieu,Team Big BAAM,76.28,2281.0
Haeart,Soi Thai Esports,76.28,1207.0
GunterR,Hungkuang Falcon,76.27,1153.0
Mali,Formulation GC,76.24,1745.0
muto,REJECT,76.21,2793.0
Champzera,TBK Esports,76.21,7983.0
Riza,Xipto Esports,76.2,7935.0
fragile,5 Budak Gemuk,76.19,593.0
RAINMAKER,FUSION,76.19,3705.0
kramarick,F4TALITY,76.19,2888.0
ec1s,Maryville University,76.18,7547.0
Kally,FEARX,76.17,919.0
2leaux,Erinite Esports,76.17,2494.0
Rico,Dplus Esports,76.16,1511.0
Noor,Team Falcons Vega,76.15,2848.0
Jamppi,BBL Esports,76.15,7035.0
Suka,Xipto Esports,76.14,6640.0
rinsat,Asterisk,76.14,291.0
Crewen,BBL PCIFIC,76.14,5769.0
Ache,DRX Changers,76.14,716.0
BeYN,DRX,76.13,4021.0
margaret,Nongshim RedForce,76.13,2273.0
Jon4,Bagual E-Sports,76.13,430.0
AcMe,FN Pocheon,76.11,2321.0
ray4c,Alter Ego,76.11,4566.0
Nahsie,Winthrop University,76.1,13051.0
oli,Dudes,76.09,4050.0
Boostio,100 Thieves,76.09,11657.0
GANGAZI,CNEsports,76.08,1115.0
Athan,DRX Prospects,76.07,1015.0
benjyfishy,Team Heretics,76.07,5112.0
maryna,Fisher Fumblers,76.05,8719.0
zura,Usepticals,76.05,265.0
misu,Bun N' Gun,76.05,4562.0
BRIAN,REJECT,76.02,2790.0
rexxtoned,Team Liquid Academy,76.0,3109.0
Amore,Team Galaga,75.96,1869.0
Cud,Alter Ego,75.96,4828.0
soulcas,KOI,75.94,9835.0
Ju,101 Outlaws,75.93,866.0
Felipa,Al-Qadsiah Esports GC,75.93,5123.0
Reverie,Rival Esports,75.93,2777.0
2GE,Team Secret,75.91,4460.0
wezzy,FN Pocheon,75.9,478.0
WaddlesThePig,SheshMans,75.9,1228.0
Teague,Trust In Plug,75.9,16391.0
TeddyIsFluffy,:3,75.89,4241.0
Hate,REJECT,75.89,5328.0
FrostyZ,Todak,75.87,4732.0
mezoky,EXO Clan,75.86,2204.0
AAAAY,FunPlus Phoenix,75.84,6709.0
katax,Attraction Force,75.83,1242.0
Stix,Pixel Lumina,75.82,9561.0
Killua,FULL SENSE,75.82,5407.0
Mind,Fractious Esports,75.82,1495.0
Brave,Eternal Fire,75.81,5689.0
Sacake,HGE Esport,75.78,7177.0
Mel,MIBR GC,75.77,6620.0
RgLMeister,RED Canids,75.75,4247.0
YoWamu,NOEZ FOXX,75.75,2130.0
kivary,Las Cabras,75.74,2562.0
Coreano,Fenda Dos Streamers,75.73,334.0
Solar,Tenax,75.73,613.0
X3B,All Gamers,75.72,674.0
azury,Eintracht Frankfurt,75.71,6104.0
vaiZ,Rebirth Esports,75.71,3497.0
RieNs,Team Heretics,75.7,8004.0
h1perZ,Fenda Dos Streamers,75.7,895.0
Kai,Trace Esports,75.69,2992.0
Tristiieee,VisionZ,75.69,10963.0
bryce,First Round Out,75.66,5587.0
Reta,Team Falcons Vega,75.65,978.0
Ender,nobody in Paris,75.65,1921.0
Reivax,UC Esports,75.63,260.0
Crus,Fancy United Esports,75.62,2941.0
Padisah,Galatasaray Esports,75.59,5473.0
RIA,IGZIST,75.58,1578.0
luckeRRR,ALTERNATE aTTaX,75.58,11111.0
Tykki,SSalama,75.56,262.0
C0M,LEVIATÁN,75.55,10238.0
Ancient,FAWZ Purple,75.55,564.0
GuhRVN,PR0NETS,75.55,7938.0
falltw,ZETA Gaming,75.54,9916.0
d0rf,Team Flash,75.54,5691.0
NaturE,Evil Geniuses,75.54,6938.0
LeeoLoos,PETZ,75.53,2395.0
Wild0reoo,Team Secret,75.51,5766.0
Vince,CGN Esports,75.51,7493.0
Wens,BLVKHVND,75.5,2449.0
AL7B,NOBLES,75.49,2748.0
Dreamas,Genziary,75.49,6983.0
hellff,Orangutan,75.48,13195.0
tuyz,LOUD,75.47,6987.0
vit9ine,TBK Esports,75.47,5422.0
Mistic,FOKUS,75.45,8977.0
lenka,Zerance Mint,75.45,1620.0
A77,West Virginia University,75.45,8186.0
mixyce,F4TALITY,75.45,1291.0
oyasumii,Team Micera,75.44,18.0
Cloy,FEARX,75.44,2447.0
socools0da,Team NKT,75.42,3715.0
zepher,SCARZ,75.41,4230.0
sakurai,CREST GAMING Zst,75.41,4537.0
MateliaN,CICADAS Gaming,75.4,6483.0
강아지,FOP,75.36,77.0
SplatGun,BITEKI,75.36,806.0
deyten,unsigned,75.35,2729.0
P0PPIN,RANKERS,75.35,2300.0
saadhak,Karmine Corp,75.34,7509.0
yuno,CINTANEGRA Esports,75.34,318.0
YcC,FOP,75.33,119.0
Ask,Murash Gaming,75.33,2303.0
maou,LP33,75.32,3074.0
Big Tonka T,Primordials,75.31,878.0
h6tedthemost,BLVKHVND,75.3,5808.0
hvoya,Xi Lai Gaming,75.29,7871.0
jayp,Cumberland Phoenix,75.29,5603.0
Braso,Axolotl,75.27,1963.0
YasH,Asterisk,75.25,1029.0
venus,Teddy Tactics,75.23,4010.0
Jiggy,BITEKI,75.23,339.0
syazren,Lucia Rankers,75.22,298.0
GrTw,Falke Esports,75.21,3426.0
Mally,NXT,75.2,1012.0
stellar,YFP,75.19,13921.0
Techno,Orangutan,75.19,4847.0
VantiK,Dexterity Gaming,75.19,5134.0
JinNy,Ambitious Legend Gaming GC,75.18,8017.0
lil d,CCG Esports,75.11,4343.0
Unfair,FOKUS,75.1,1272.0
Manny,Dexterity Gaming,75.1,4378.0
deigara,Aura,75.1,5261.0
Rexs,Ramboot Club,75.09,4479.0
nataNk,LEVIATÁN,75.08,5039.0
Kenkayyy,Orquestra Do Maestro,75.07,3221.0
Fivm,nobody in Paris,75.07,568.0
vinizin,Agropesca Jacare,75.06,2153.0
BENECIA,Gen.G Global Academy,75.05,3890.0
Knight,Bilibili Gaming,75.04,7540.0
Secre,Team Secret Academy,75.03,235.0
Kakarot,ZOL Esports,75.02,5942.0
Creamydreamy,Permitta Unicorns,75.0,3639.0
Touven,Galatasaray Esports,75.0,7354.0
clutchyy,Stacked Like Pancakes,74.99,5122.0
Snowi,SAVU,74.98,4547.0
Sampphire,Cardboard Dinosaur,74.98,2396.0
yehren,Lucia Zenith,74.97,183.0
GeneralSteak,AB3 Esports,74.95,2159.0
basya,KPI Gaming,74.93,5334.0
Retla,Rival Esports,74.92,4599.0
ginger,ALTERNATE aTTaX Ruby,74.89,5220.0
crashies,FNATIC,74.89,9134.0
pika,KOI Fénix,74.87,2971.0
merix,WYLDE,74.87,695.0
dimasick,KPI Gaming,74.87,4762.0
poseiiidon,ROUNDS,74.87,1142.0
Babyblue,JDG Esports,74.86,3357.0
Zap,2Game Esports,74.84,7497.0
Owen,GOOD BOY,74.83,291.0
Bard0lf,PULSE,74.83,4055.0
Incredible,GoodFor3,74.81,6877.0
AKUMAAAAA,Joblife,74.8,8332.0
Abo,Titan Esports Club,74.79,2682.0
RND,TotalePRO,74.78,5981.0
BlanK,The Syndicate,74.77,8311.0
bezn1,Stellae Gaming,74.77,5685.0
fate,Aspyre x Swarm,74.76,5215.0
Tag,DNSTY,74.76,5335.0
kpro,Siko,74.76,2734.0
Francis,Nongshim RedForce,74.75,2097.0
MattyIce,F5 Esports,74.74,3462.0
smiley,Ambrosia,74.73,14481.0
Tara,Paper Rex x Spotlight Series,74.73,2914.0
Marcai,True Rippers,74.73,806.0
lucks,banana split,74.72,1273.0
3005,Tenax,74.72,1227.0
MrTenzouEz,FENNEL,74.71,3861.0
Shift,UT Dallas,74.69,809.0
111614,bloodS,74.68,101.0
str0nda,SAGAZ,74.67,1789.0
Docent,Fire Flux Esports,74.66,7500.0
Lew,EXO Clan,74.66,3046.0
xKyjote,KPI Gaming,74.65,3346.0
Juzo Suzuya,Veterans,74.65,432.0
Flaring,Xipto Esports,74.64,7148.0
skies,Boise State University,74.62,3845.0
kaplan,Sentinels,74.62,1068.0
Ginilson,Agropesca Jacare,74.61,5742.0
Snark,Fractal Gaming,74.59,1316.0
MnFeaR,The MongolZ,74.57,1797.0
Jow,E-Xolos LAZER,74.57,4173.0
starstruck,FAWZ Purple,74.56,628.0
bloom,Fractious Esports,74.56,1223.0
Jaguar,PANCADAO,74.56,2112.0
Hada,Bon Bon Bum Contra,74.54,887.0
Potatoe,Dreams To Legends,74.53,9792.0
Haru,Solstice,74.52,988.0
NcSlasher,BOOM Esports,74.51,9126.0
Bromas,HGE Esport,74.5,4561.0
starxo,Joblife,74.5,7770.0
Healing,DRX Changers,74.5,1878.0
furq,Fenda Dos Streamers,74.49,2614.0
Evann,理科純情男高,74.48,39.0
prince,THE 7,74.48,6200.0
kakziN,TOROSKLS,74.48,324.0
Jini,ALTERNATE aTTaX,74.48,6063.0
theory,FUEGO,74.47,4672.0
Uta,Oblivion Force,74.46,5093.0
HANLING,Nottingham Miedo,74.46,4593.0
Spirit,BITEKI,74.4,554.0
LeVi,RIVAL,74.39,3303.0
Abde,Abdes Daycare,74.37,2894.0
starrz,Chinggis Warriors,74.37,728.0
braveaf,SweetNsour,74.36,4940.0
N A I S,ZETA Gaming,74.34,6531.0
miz,Himothys,74.33,2057.0
ExciteMVP,West Virginia University,74.33,10016.0
Turko,S2G Esports,74.33,8036.0
Sayonara,Daguestan,74.32,175.0
Aurelion,UT Dallas,74.32,1362.0
Ra1ny,把牛變成鱒魚,74.31,7119.0
rAb1q,GOOD BOY,74.31,2087.0
sw,Corinthians Esports,74.3,5664.0
silenx,Winthrop University,74.29,13873.0
PapaSmurf,Life's a Game,74.27,11449.0
hiroronn,ZETA DIVISION,74.27,3438.0
hunterx,PEEK,74.25,3096.0
P1nA,Team Big BAAM,74.24,5681.0
Prestige,Boise State University,74.23,2234.0
demek,Szach Mat,74.22,5518.0
kudin,Team Cece,74.21,19.0
romann,UT Dallas,74.19,771.0
lucky,DRX Changers,74.18,948.0
nobody,EDward Gaming,74.17,9004.0
payne,CSP Val Blue,74.16,5248.0
kimmy,Team Coldan,74.16,3466.0
Hoax,Orangutan,74.12,7038.0
LumiQQ,ZFE,74.1,35.0
msh,Zero Tenacity,74.09,3435.0
kreamer,ZETA DIVISION Academy,74.08,591.0
Branchies,Winthrop University,74.07,40.0
Zeno,Dragon Ranger Gaming,74.06,2619.0
k0rupt,Funhavers,74.06,8446.0
Recoil,TSM,74.01,3355.0
snarly,QoR,74.0,12294.0
mizu,Nottingham Miedo,74.0,7546.0
Esperanza,NOEZ FOXX,74.0,6642.0
skylen,Papara SuperMassive,73.99,6346.0
Beishang1019,Evil Samurai,73.98,118.0
benjii,SaD Esports,73.97,16674.0
Dylan,APAY Academy,73.96,440.0
chukl9,Coalesce,73.94,2847.0
MrCANI,JDG Esports,73.93,852.0
supamen,Evil Geniuses,73.93,7406.0
g4ll,Delight,73.92,616.0
guuih,Stellae Gaming,73.91,6899.0
kenmohororo,BLUE BEES.ESP,73.91,2038.0
Alu,Predator X Gaming,73.88,3071.0
Bull3ts,FUEGO,73.85,1243.0
Chay,Delight,73.85,1491.0
qRaxs,FUT Esports,73.85,8727.0
stax,T1,73.84,8932.0
contii,Resonate,73.81,10340.0
GON,FENNEL,73.79,3753.0
Foxy9,Gen.G,73.78,4073.0
hype,Apeks,73.78,8711.0
ZiXuan,Rare Atom,73.77,1131.0
yatsuka,RIDDLE ORDER,73.76,1429.0
raam,QUANTICO,73.75,68.0
pablosaurio,Oxygen Gaming,73.75,1049.0
fiziq,YFP,73.75,14254.0
qu1ckz,Bitfix Gaming,73.74,239.0
Fragger,Falke Esports,73.7,4690.0
rima,Fractal Gaming,73.7,2410.0
stamppi,SAVU,73.7,1018.0
Dom,Spate Esports,73.69,552.0
Adasmeee,DELIRA,73.68,277.0
Xander,Event Horizon,73.66,3557.0
JitBoyS,TALON,73.64,4204.0
LuoK1ng,Trace Esports,73.64,7332.0
saalped,RED Canids,73.63,1674.0
AvovA,Apeks,73.62,8388.0
markL,Xipto Esports,73.59,3225.0
WAT,True Rippers,73.57,9181.0
Pr0digy,Team Secret Academy,73.57,1385.0
SereNa,ZETA DIVISION GC,73.57,1531.0
peri,Gen.G,73.55,2278.0
prozin,RED Canids,73.53,6210.0
harddora,Z11,73.53,1706.0
zhar,RRQ Academy,73.52,5599.0
Rudi,100 Thieves,73.51,4148.0
SamBa,L9HAHAHA,73.5,193.0
SugarZ3ro,ZETA DIVISION,73.47,5004.0
KROSTALY,Fenerbahçe Esports,73.47,3138.0
JessieVash,Team Secret,73.44,7854.0
xzzcat,TWA,73.44,263.0
NeFi,Szach Mat,73.44,5898.0
Nicc,Dragon Ranger Gaming,73.43,3641.0
hastack,Team Galaga,73.43,2679.0
Kohliii,Level 5,73.43,6324.0
maik,Wintermint,73.4,1715.0
kodeth,NXT,73.37,567.0
Rebo,ROSE,73.34,18673.0
tkzin,Corinthians Esports,73.33,1263.0
garrett,Abdes Daycare,73.31,2491.0
Vickyz,Team NKT Academy,73.29,1519.0
Cutch,Primordials,73.28,2376.0
JooHyung,CNEsports,73.26,946.0
Ethan,TUMT Shark,73.24,770.0
Karina,FOKUS Sakura,73.21,5680.0
str1keR,Al-Qadsiah Esports,73.18,9105.0
Slandy,mesos millionaires,73.18,10070.0
Zeo,Tiny Turtle Squad,73.17,75.0
Hermes,FEARX,73.17,3961.0
Fross,Aura,73.13,3406.0
pryze,2Game Esports,73.12,7199.0
Tio,Rebirth Esports,73.11,6412.0
choosie,Team JoshF,73.11,400.0
JrayN,Galatasaray Esports,73.1,3854.0
Revenge,Siena Heights University,73.09,1911.0
Creamm,Unicorn Cyber Da Nang,73.08,707.0
Bored,Dreams To Legends,73.08,473.0
WisdomCats,Tiny Turtle Squad,73.08,1225.0
Boli,101 Outlaws,73.07,617.0
angelka,Siko Esports GC,73.06,4232.0
FonTuz,Z11,73.06,1963.0
MigueL,Falke Esports,73.05,419.0
Tayz,West Virginia University,73.04,2803.0
hitti,SSalama,73.03,580.0
binzo,Made in Bandung Widyatama x Binus,72.97,443.0
Inf,Rival Esports,72.95,1854.0
Impecunity,Rival Esports,72.95,1954.0
aria,Teddy Tactics,72.95,3978.0
D0V3S,Green Grapes,72.95,3205.0
zekei,Funhavers,72.92,10759.0
Laz,FULL SENSE,72.91,6952.0
Dizzy,Hungkuang Falcon,72.9,1153.0
bnja,MixPe,72.89,580.0
Melser,KRÜ Esports,72.89,6600.0
Solluzy,ZETA DIVISION Academy,72.89,377.0
Kjja,KAMK.GG,72.88,356.0
Boo,Team Heretics,72.88,9614.0
gon,Nemesis,72.87,1554.0
basbabe,Z11,72.87,2234.0
ALMO,Pixel Lumina,72.85,7362.0
ArPoom,Team NKT Academy,72.83,4969.0
kestrel,Himothys,72.82,1156.0
rise,zZz,72.82,11384.0
Han,Team SEIBI,72.81,1534.0
Looxie,DVM Miss,72.8,3991.0
alexis,Shopify Rebellion Gold,72.78,12009.0
Kubfu,Coalesce,72.78,2242.0
darm,Predator X Gaming,72.77,2037.0
C1ndeR,SLT Seongnam,72.76,3142.0
YiHao,JDG Esports,72.75,4893.0
eleo,unsigned,72.7,8839.0
Cobra,Wygers,72.7,133.0
DeadInk,Fenerbahçe Esports,72.7,7586.0
axeddy,DELIRA,72.66,5203.0
PuFF,HKUF,72.66,41.0
ESOTERIC,Team ESOTERIC,72.65,130.0
Mathi,Las Cabras,72.63,572.0
starki,Enterprise Esports,72.62,5817.0
Shyy,KRÜ Esports,72.61,3640.0
Jinbey,BC SWELL,72.61,473.0
Lateu,BLVKHVND,72.59,5680.0
N11,Be Man,72.59,1491.0
mikee,Mandatory,72.59,6732.0
Tenshi,Siko,72.58,2876.0
OBONE,Nova Esports,72.57,1578.0
bobae,Original Gaming,72.56,2085.0
oonzmlp,SLT Seongnam,72.56,1034.0
Hernando,The Syndicate,72.55,7544.0
Drk34,OSKARAMONO,72.54,224.0
Jovi,TALON,72.53,459.0
aurelia,Zero Pressure,72.53,2586.0
bunt,All Gamers,72.52,3889.0
LgenD,Fractious Esports,72.52,662.0
Bawn,Culturized,72.49,12109.0
BugattiVeyron,All Gamers Young,72.49,104.0
Kiles,Enterprise Esports,72.49,8676.0
JdFaker,Paper Rex,72.48,4723.0
Ankara,S2 Esports,72.45,2214.0
DonatelloOO,Team Liquid Academy,72.43,131.0
w1zard,Team NKT Academy,72.43,1109.0
BerLIN,FunPlus Phoenix,72.42,8730.0
Biscoit1n,MIBR GC,72.41,3061.0
jotinha,Nottingham Miedo,72.41,3501.0
Kuro,Original Gaming,72.39,1305.0
Keks u,wombat123,72.38,842.0
take,REJECT,72.36,1335.0
ray,Moon,72.35,1642.0
Jway,Starix,72.33,318.0
Insider,NOVO Esports,72.31,8722.0
Paulus,HAVU Gaming,72.31,2501.0
sHOW,BITEKI,72.31,715.0
l0udly,KPI Gaming,72.3,5880.0
Colt,F5 Esports,72.29,2317.0
Knowbii,Lilmix,72.29,1525.0
kurozooted,REVE RISE MAX,72.28,2994.0
Noble,Siena Heights University,72.27,2262.0
yTao,LP33,72.26,4103.0
laddermoves,Aspyre x Swarm,72.24,8599.0
XinTreZ,Eternal Flame,72.2,770.0
Chard,FINIX ALPHA,72.2,435.0
prettyprincess3,Fortnite Keyboard,72.14,554.0
FMoMoツ,momo親子台,72.11,32.0
HellFull,CINTANEGRA Esports,72.1,3980.0
litshii,Permitta Unicorns,72.09,7062.0
o0o0o,Nova Esports,72.09,2640.0
kibojn,Reckoning Esports,72.08,2149.0
Prti,Zero Tenacity,72.08,7251.0
Jrfobb,Stacked Like Pancakes,72.07,459.0
Faska,Ramboot Club,72.06,2696.0
j4héx,2L8,72.04,2524.0
zaninZS,A nova onda do Imperador,72.03,5271.0
toxik,Abdes Daycare,71.97,2812.0
flyuh,KOI,71.96,12853.0
AC,Chosen Clique Gaming,71.95,5180.0
delz1k,9z Team,71.95,5651.0
mshz,Zerance Mint,71.94,1150.0
HUYNH,Fisher Navy,71.93,18227.0
Equa,Chaos,71.91,299.0
sh1n,DVM Esport,71.9,6604.0
Bati,Falke Esports,71.89,7134.0
Sushi0421,Niflheimr,71.88,79.0
Aptly,Seulgi Fanclub,71.87,126.0
Matzdell,ENFASIS,71.87,1283.0
Recovery,Point Gaming,71.86,111.0
Makaveli,Orangutan,71.85,1316.0
Patrui,S2G Esports,71.84,3098.0
chewieyy,SKIPIDI,71.82,469.0
Szalony,Szach Mat,71.79,2208.0
Babax,Zerance,71.78,4450.0
CHIMEI,Oblivion Force,71.77,3908.0
Felix,Dplus Esports,71.76,4556.0
musz3kk,Fire Flux Esports,71.75,3805.0
komi,Winthrop University,71.75,837.0
KIMB0,Aura,71.74,1665.0
SPMAK,TeamOrangeGaming,71.74,5402.0
Lock1ng,ROA Esport,71.73,575.0
jjasonl,UC Irvine,71.71,2822.0
Cfax,Overtake,71.7,8951.0
Garv,Reckoning Esports,71.69,705.0
Drago,Siena Heights University,71.68,3279.0
moment,TOS,71.66,226.0
S1Mon,EDward Gaming,71.64,4107.0
Spartabang,Exsto Gaming,71.64,1919.0
myinoh,ALTERNATE aTTaX Ruby,71.63,374.0
Teltta,KAMK.GG,71.62,411.0
RvK,True Rippers,71.59,11398.0
Emman,ZOL Esports,71.59,5910.0
ezzy,MiBH,71.56,9091.0
jcz,Aura,71.55,623.0
Sleepy Femboy,Wadadaa,71.55,1493.0
Kehnys,Dexterity Gaming,71.55,1587.0
happywei,Xi Lai Gaming,71.53,1612.0
MARCTYLINHO,DVM Esport,71.53,4503.0
Charlslol,CINTANEGRA Esports,71.53,1624.0
Rereiana,Boise State University,71.53,2771.0
snowing,Primordials,71.53,1476.0
Brofeld,CREST GAMING Zst,71.52,4813.0
Minimise,JiJieHao,71.51,9519.0
Haitam,TOROSKLS,71.51,1941.0
Kongi,XPERION NXT,71.51,6614.0
Selin,Be Man,71.51,630.0
Vuxqt,Blue Eyes White Dragon,71.5,1021.0
Necro,MixPe,71.48,1199.0
wAvE,Asterisk,71.46,841.0
ease,KCORP Blue Stars,71.46,6209.0
Maxxyy,First Round Out,71.45,1231.0
emilz,SAVU,71.44,3148.0
TENNN,Murash Gaming,71.44,4637.0
Bon,Aspyre x Swarm,71.44,2999.0
Maka,AB3 Esports,71.41,3763.0
Thander,GMBLERS Esports,71.4,1514.0
YouKnow,FOP,71.38,77.0
Louboutin,Unicorn Cyber Da Nang,71.37,3156.0
X1nh,Unicorn Cyber Da Nang,71.32,707.0
Russ,Velocity Gaming,71.3,8026.0
Migod,Blue Eyes White Dragon,71.3,987.0
Jar,DAC Gold,71.29,3204.0
WANHEDA,Dudes,71.28,3510.0
aimbot,OCU,71.28,58.0
WinDoge,UT Dallas,71.27,434.0
Antsy,Digital Athletics,71.26,1371.0
apu,Retiraos,71.19,419.0
Bully,unsigned,71.19,5237.0
JoXJo,RIDDLE ORDER,71.19,5604.0
swift,Abdes Daycare,71.15,1978.0
RedLight,Dplus Esports,71.14,2120.0
Bruxo,F4TALITY,71.12,869.0
Inspire,RANKERS,71.12,3190.0
rain,Erinite Esports,71.12,2427.0
batujnax,Apeks,71.12,930.0
MOJJ,Galakticos,71.07,9097.0
FYRR73,把牛變成鱒魚,71.07,963.0
neptuNo,Ramboot Club,71.06,5110.0
Tsanyu,Hungkuang Falcon,71.06,598.0
HiiiK,SAGAZ,71.05,3165.0
In0X,West Virginia University,71.04,10701.0
YuFan,STU樹德暴風樹,71.04,66.0
Aetha,UT Dallas,71.03,653.0
chanformer,GoodFor3,71.03,5016.0
beanann,Pigeons,71.03,6625.0
SEIDER,Metizport,71.02,8126.0
Unhappy,Hungkuang Falcon,71.01,1623.0
LightNinG,Coalesce,71.01,1276.0
Eagle,HAVU Gaming,70.99,759.0
ScoPe,REVE RISE MAX,70.96,543.0
baha,İstanbul Wildcats,70.93,2970.0
azza,PANCADAO,70.91,1838.0
barce,NOEZ FOXX,70.91,3441.0
Elysium,NOM Esports,70.91,4804.0
Huntr,club penguin,70.87,973.0
bron,Retiraos,70.85,571.0
GSR,Team Liquid Academy,70.85,60.0
Icarus,Asterisk,70.83,1288.0
Antidote,Revenant XSpark,70.81,13003.0
XiaoFeng,ROA Esport,70.8,974.0
Snaptor,NXT,70.8,3608.0
mochi,Melilla Titans,70.79,2597.0
Xyphex,ALTERNATE aTTaX Ruby,70.79,1207.0
OnigiRi,Team Poupi,70.79,5935.0
dox,Prestige Esports,70.77,2191.0
iluri,MOUZ,70.76,9257.0
Neiker,Team Galaga,70.75,4487.0
Shicoed,ROUNDS,70.71,596.0
Luca,Delight,70.68,1307.0
swag,PR0NETS,70.68,5025.0
Psilence,NOBLES,70.66,1979.0
theia,FlyQuest RED,70.65,9005.0
neT,Cloud9,70.65,9546.0
Frxeez,IGZIST,70.65,935.0
Zan,BLUE BEES.ESP,70.64,2004.0
nausea,HAVU Gaming,70.6,2343.0
BMV,LAZY,70.59,5254.0
Seafone,nobody in Paris,70.58,360.0
ESMONDE,First Round Out,70.57,2273.0
JayBlrdy,InC Frost,70.55,185.0
Asteriskk,Alter Ego,70.52,5691.0
nwzera,Quantum Void,70.51,39.0
Mark,Fractious Esports,70.47,1881.0
jEEE,ZOL Esports,70.46,4130.0
Havex,CCG Esports,70.45,3947.0
TheNightChe,ESC Gaming,70.44,5839.0
alannn,NOVO Esports,70.44,2960.0
Saun0ja,SKIPIDI,70.43,418.0
Drog,RTZN,70.43,1830.0
HenB1N,Daojiang Husky,70.42,40.0
glow,DRX,70.41,2229.0
habibti,mesos millionaires,70.4,5967.0
semik,Berzerkers,70.38,2027.0
murizzz,ShindeN,70.37,7674.0
Antunes,OSKARAMONO,70.37,924.0
t1tan,Wygers,70.34,123.0
Stolas,Tenax,70.33,967.0
Whiith,ENFASIS,70.32,368.0
Irex,Soi Thai Esports,70.31,780.0
mimi,FOKUS Sakura,70.29,3071.0
JSERG,Spate Esports,70.28,1339.0
Jerry,BC SWELL,70.25,375.0
Shazeon,TeamOrangeGaming,70.22,8107.0
TvirusLuke,Dragon Ranger Gaming,70.2,4648.0
dRKY,İstanbul Wildcats,70.18,3262.0
cacan,Fenerbahçe Esports,70.18,5927.0
zeka,F5 Esports,70.16,1776.0
exile,YDZ Esports,70.16,7611.0
JN3v1cE,Fire Flux Esports,70.16,6131.0
thebigfiz,Zerance,70.14,6488.0
Ryu,Six Karma,70.11,2659.0
Hostage,Spate Esports,70.1,1303.0
vibhoRR,MiBH,70.06,9738.0
Allen,BC SWELL,70.06,3565.0
Urango,RED Canids,70.05,6293.0
Nash,Las Cabras,70.03,1039.0
mediKa,Twisted Minds Orchid,70.03,5140.0
Khalil,FURIA,69.98,6508.0
monSi,Trust In Plug,69.97,19365.0
Spitfires,All Gamers,69.94,2183.0
ryotzz,PR0NETS,69.92,4702.0
mindfreak,Paper Rex,69.91,10226.0
FOLKE,Lilmix,69.91,1577.0
Flowy,Al-Qadsiah Esports,69.9,1715.0
Tillo,St. Clair Saints,69.88,10952.0
Mikey,Dreams To Legends,69.83,630.0
gr3eps,Rebirth Esports,69.83,1394.0
Akira,NXT,69.82,4446.0
Kippei,Sengoku Gaming,69.81,497.0
hfmi0dzjc9z7,TYLOO,69.81,6260.0
TRIPCIEW,Unicorn Cyber Da Nang,69.8,2346.0
riv,Bun N' Gun,69.79,4194.0
movi,Made in Bandung Widyatama x Binus,69.79,289.0
lz,2Game Esports,69.79,5626.0
cl4yerr,bloodS,69.78,476.0
Sxnti,Bon Bon Bum Contra,69.77,1532.0
Waken,Coalesce,69.77,1724.0
fR0z,IMPACT Esports,69.76,65.0
e9Lair,BLUE BEES.ESP,69.74,1357.0
dedmos,Bon Bon Bum Contra,69.74,4982.0
sommboiii,Exsto Gaming,69.69,1795.0
sarah,GIANTX GC,69.67,4022.0
HyP,Mandatory,69.67,7610.0
nAvarro,Chivas Esports,69.67,3228.0
Jaf,Wintermint,69.67,6251.0
troizyyy,Elite Klan,69.62,1953.0
BangtK,Prestige Esports,69.62,3318.0
iansn,YDZ Mafia,69.6,3016.0
Quetz,SP Falcons,69.58,851.0
KillAA,ZETA DIVISION Academy,69.57,557.0
Kcep,Culturized,69.57,5754.0
jubs,MIBR GC,69.54,3069.0
papo,Erinite Esports,69.52,2325.0
BennY,CGN Esports,69.5,10130.0
Fresht,FUSION,69.49,1954.0
mozz1e,PANCADAO,69.47,1615.0
Firewolf,Harmony,69.45,1738.0
rzk,CSU,69.45,78.0
HellrangeR,Global Esports,69.44,8460.0
summoNN,Axolotl,69.44,2617.0
sturNN,İstanbul Wildcats,69.41,5769.0
KXoma,FOKUS Sakura,69.41,3298.0
deecee,Orangutan,69.39,3062.0
Jacyn,BITEKI,69.39,806.0
kacper,Harmony,69.35,842.0
EMIYA,Dreams To Legends,69.34,630.0
Maybe,Veterans,69.34,1231.0
Devian,B SITE GAMING,69.31,125.0
v1nny,LOUD,69.3,9154.0
jeed,5 Budak Gemuk,69.29,5048.0
Surpass,QUANTICO,69.28,68.0
Veer,Overtake,69.25,6471.0
Best,Fenerbahçe Esports,69.25,721.0
sakura,NIX VISION,69.25,1314.0
Garpa,Hakikimori,69.24,1090.0
Ooriime,Zerance,69.24,3993.0
drepeex,Dudes,69.21,1303.0
Patix,děti ulice,69.21,5610.0
B3ar,Bilibili Gaming,69.2,3760.0
MerSa,Digital Athletics,69.19,5631.0
Elixllo,Al-Qadsiah Esports,69.15,5695.0
DrastZ,GMBLERS Esports,69.14,3273.0
Movi,XPERION NXT,69.13,2662.0
Buh Lah Kae,F5 Esports,69.11,3199.0
Senilebaboon24,Primordials,69.1,1057.0
rinA,IHC Esports,69.1,1130.0
Zeni,Dimonis eSports,69.05,166.0
Romeo,Purpose Gaming,69.04,983.0
priyome,Sho,69.04,647.0
kael,Todak,69.03,4251.0
Skygi,Melilla Titans,69.02,2746.0
JKG,ZETA Gaming,69.02,3224.0
niki,esports team αD,69.0,1067.0
Hyper,Chinggis Warriors,68.98,607.0
mta,OXEN,68.98,1661.0
APEX,SZK Esports,68.94,3383.0
kokuya,esports team αD,68.93,1709.0
Anc1enT,VNU Esports,68.88,856.0
BlackWiz,NOEZ FOXX,68.87,4779.0
ne1by,Attraction Force,68.87,115.0
KENRICH,UT Dallas,68.86,300.0
Foxie,DVM Esport,68.85,7859.0
Rain,Gen.G Global Academy,68.83,2688.0
MAKIMA,STU樹德暴風樹,68.79,66.0
Kace,Cumberland Destiny,68.78,1938.0
solo,Gen.G,68.77,2625.0
ibonata,Fenerbahçe Esports,68.75,962.0
Peloncito,Six Karma,68.74,3185.0
Jose1,APAY Academy,68.65,503.0
fronto pronto,InC Frost,68.63,90.0
monk,All Gamers,68.61,5429.0
R1va,Delight,68.57,878.0
chqse,Cumberland Prophecy,68.54,8096.0
NeruFi,CREST GAMING Zst,68.54,1301.0
Nikoo,Unknown Killers E-sport,68.49,96.0
Rouss,Siko,68.47,412.0
kya,děti ulice,68.43,2099.0
xReNdø,MixChi,68.43,326.0
ex0tic,Chaos,68.42,340.0
JoshRT,G2 Esports,68.42,2351.0
Conartist,Purpose Gaming,68.41,549.0
Penab,ROUNDS,68.41,966.0
Zetik,club penguin,68.39,750.0
Arbex,Bon Bon Bum Contra,68.37,185.0
hyk,IGNITE,68.36,1498.0
Saninn,B SITE GAMING,68.34,125.0
Setrod,GOOD BOY,68.33,259.0
xanti,Formulation GC,68.32,1535.0
JoshF,Lucia Zenith,68.3,1842.0
Casual Scrub,Predator X Gaming,68.29,2546.0
heybay,Trace Esports,68.27,6640.0
Viva,Xi Lai Gaming,68.27,3049.0
Hassan,ZETA Gaming,68.27,166.0
tweethy,Genziary,68.25,3385.0
Kapi,CREST GAMING Zst,68.25,1565.0
61ue,esports team αD,68.21,479.0
KiNN,Evil Samurai,68.2,118.0
aplycs,Team Secret Academy,68.2,1250.0
Daimyo,Moon,68.2,4371.0
0n1y,LP33,68.19,1760.0
toffywoffy,Watermelon,68.14,2532.0
tysan,Point Gaming,68.13,97.0
NaThanD,FunPlus Phoenix,68.1,2422.0
XiaoQ,來送幸福的,68.06,34.0
Aston,AURA,67.98,194.0
crmsnn,SP Falcons,67.94,444.0
Asuka,TWA,67.91,133.0
zeRo,Evil Samurai,67.88,118.0
Vocho,Dolphins Gaming,67.86,17.0
taru,DFM Academy,67.86,512.0
CIC,TWA,67.86,174.0
KILICARSLAN,Digital Athletics,67.82,1193.0
Haodong,Titan Esports Club,67.81,8649.0
adm1k,Team Galaga,67.78,9250.0
Biank,Trace Esports,67.77,5316.0
KUNDIKUNDI,MOUZ,67.75,2190.0
Lava,S2G Esports,67.73,128.0
BREW,Tiny Turtle Squad,67.71,1446.0
ego1st,Las Cabras,67.69,457.0
natz,RRQ Academy,67.65,6057.0
QuinT,Unicorn Cyber Da Nang,67.64,707.0
AlMtRoOo3,Onyx Ravens,67.64,2139.0
kira,Not Your Business Female,67.64,496.0
jeyj7y,EXO Clan,67.63,7794.0
KNZY,Rebirth Esports,67.63,2995.0
Vorwenn,Barça eSports,67.63,5123.0
ahongboy,SANDORAYAKI,67.63,57.0
1111111 Fu,LP33,67.62,118.0
Puleule,Nottingham Miedo,67.59,3602.0
aleksi,SAVU,67.57,3078.0
influx,Fire Flux Esports,67.55,117.0
aco,ZETA DIVISION GC,67.51,2050.0
RickyVaila,Axolotl,67.5,1181.0
nati,Zen eSports GC,67.5,787.0
Agr0,YDZ Mafia,67.48,11191.0
QiQi,Cardboard Dinosaur,67.48,832.0
OrcaZZ,TWA,67.45,174.0
Yamada,IGZIST,67.45,1154.0
Pukytoo,Lotus Knights,67.43,2992.0
HyBr1D,DUPG Esports,67.42,738.0
Blastz,PANCADAO,67.42,1812.0
Nuuwy,bloodS,67.4,186.0
yuran,Sengoku Gaming,67.38,1298.0
saxx,Original Gaming,67.36,805.0
tdawgg,Cubert Academy,67.35,10623.0
gmoney,Abdes Daycare,67.33,778.0
Lego,Las Cabras,67.32,292.0
kye,Todak,67.29,1927.0
NowaXxZang,CICADAS Gaming,67.26,6444.0
Lysoar,Wolves Esports,67.19,4256.0
Matt,Burger Boyz,67.17,12387.0
Pingfu,QoR,67.14,5681.0
Mythical,Randoms,67.14,1864.0
rowancy,Six Karma,67.08,2235.0
R3gen,Tiny Turtle Squad,67.06,1707.0
Kyun,Exsto Gaming,67.06,1355.0
kayle,Himothys,67.05,3392.0
sofia,Siko Esports GC,67.04,2289.0
SSeeS,DetonatioN FocusMe,67.02,1605.0
xanarchy,TeamOrangeGaming,67.01,5882.0
kabzi,Fire Flux Esports,67.01,1408.0
Nia,Fancy United Esports,67.0,621.0
sambae,YDZ Esports,66.98,8693.0
sr kl deus,B SITE GAMING,66.97,125.0
RIPablo,IGZIST,66.94,4710.0
Harmonee,ALTERNATE aTTaX Ruby,66.89,4054.0
raafa,FURIA,66.88,4254.0
sword,Axolotl,66.87,1140.0
ViIi,SKIPIDI,66.84,521.0
Rocket,The Krows,66.83,75.0
Loupiote,Zerance Mint,66.8,3023.0
pituF0,Eternal Flame,66.76,270.0
ghost,Hakikimori,66.72,2212.0
Dexuz,CINTANEGRA Esports,66.7,1529.0
rawrieee,Team sol8erry,66.69,67.0
siro,TOROSKLS,66.67,272.0
Myssen,TBK Esports,66.63,5746.0
Teddy,LANDODGERS,66.59,181.0
princess,Green Grapes,66.55,192.0
Gloomy,İstanbul Wildcats,66.54,5056.0
wisa,First Round Out,66.49,1926.0
Mikelelle,Elite Klan,66.48,4692.0
ChurmZ,West Virginia University,66.48,16325.0
shu,SLT Seongnam,66.48,87.0
SumeeLunai,OCU,66.45,58.0
rodrigo77,Atlanta Esports,66.43,391.0
TxKu,The Krows,66.38,41.0
BE,Chinggis Warriors,66.33,1811.0
KhoiBeo,Blue Eyes White Dragon,66.33,959.0
RoteX,OSKARAMONO,66.32,1664.0
Whimp,MiBH,66.31,12502.0
Celasun,Digital Athletics,66.31,2507.0
River,Asterisk,66.29,538.0
Dan,BABO,66.29,538.0
Tman,Siena Heights University,66.29,2082.0
B1n,Dreams To Legends,66.28,630.0
Xmj,Predator X Gaming,66.26,1398.0
XiYiJi,All Gamers,66.25,256.0
Dynamite,Titan Esports Club,66.23,275.0
Noelowo,CSU,66.22,41.0
Desruzin,TOYO eSports,66.18,45.0
nightmareK,NOM Esports,66.17,800.0
Renna,F4TALITY,66.13,293.0
Mystizip,Daguestan,66.06,456.0
Nightroad,Unknown Killers E-sport,66.06,96.0
Crws,TALON,65.99,7721.0
NeskaaS,Team Valiant,65.99,6066.0
putte,Elite Klan,65.97,2483.0
ruthafer,Divinity,65.94,78.0
Esuki,Niflheimr,65.94,79.0
Ghetto,Harmony,65.93,103.0
juri,DRX Changers,65.9,705.0
Morphiius,Axolotl,65.89,1311.0
Bullet,Soi Thai Esports,65.86,1079.0
Aniemal,:3,65.86,9374.0
who am i,Be Man,65.85,38.0
Choomji,Predator X Gaming,65.85,1277.0
nah,Zen eSports GC,65.84,1109.0
Murdoch,Stacked Like Pancakes,65.84,211.0
zoe,Vulcan Rising,65.83,5201.0
W1LL,EXO Clan,65.82,2042.0
Teddy,姊姊壞了我好愛,65.81,56.0
Yuvi,MiBH,65.81,268.0
ventura,nobody in Paris,65.79,540.0
YHchen,JDG Esports,65.76,5261.0
phreshlawlgoyea,Thug Shakers,65.71,1130.0
say,ENFASIS,65.7,771.0
Slaughter,Fenerbahçe Esports,65.68,394.0
exe,Fenerbahçe Esports,65.66,39.0
Boaster,FNATIC,65.59,10002.0
Disease,DUPG Esports,65.58,1170.0
Pr1ck,Blue Eyes White Dragon,65.57,1021.0
stobie,Team Resilience,65.52,1775.0
Nano,Chinggis Warriors,65.51,659.0
Rivenary,Metizport,65.45,162.0
astroboy,F4TALITY,65.4,439.0
y1,All Gamers Young,65.39,65.0
AmyMars,AURA,65.38,250.0
crxzysam,Kingdom One,65.36,29.0
Rayy,DRAGONS,65.33,3338.0
Tuna,Xzile Esports,65.31,310.0
ekuLul,wombat123,65.3,372.0
VictiM,RIVAL,65.27,127.0
oranges,Teddy Tactics,65.26,3827.0
nizhaoTZH,All Gamers,65.24,4392.0
qpert,Team Liquid Academy,65.22,4046.0
Wezy,Siko,65.19,173.0
Rosé,BBL PCIFIC,65.13,5434.0
tsuna,Atlanta Esports,65.07,475.0
drix,TBS Academy,65.04,92.0
Soulta,DEXTERITY,65.0,35.0
rezy,Al-Qadsiah Esports,64.95,8717.0
桃園奈々生,把牛變成鱒魚,64.95,202.0
E13,Chivas Esports,64.92,387.0
sasufly,AURA,64.9,250.0
6ix,Genziary,64.85,2214.0
azul,Zen eSports GC,64.83,3420.0
SinS,Veterans,64.83,1029.0
pyua,BarackObamaPizza,64.81,1448.0
solo88,LANDODGERS,64.78,4837.0
vxyr,SheshMans,64.76,543.0
Jordan,Xzile Esports,64.75,498.0
OXMANN,Papara SuperMassive,64.71,2654.0
moon,SAIO,64.7,2449.0
WarreN,Eclipse Nexus,64.7,194.0
R0meo,Reckoning Esports,64.69,392.0
Borgesz,creche do m4dara,64.61,848.0
STAVINCI,ALTERNATE aTTaX,64.58,6278.0
razC,Excel EKKO,64.57,68.0
richie,ABG luvrs,64.54,4563.0
vaLi,Coalesce,64.49,3785.0
Wave,Erinite Esports,64.47,2217.0
sol8erry,Team sol8erry,64.46,166.0
glovee,Galakticos,64.45,7003.0
Master,Boise State University,64.4,1165.0
albus,Unicorn Cyber Da Nang,64.4,2812.0
Melofovia,DetonatioN FocusMe,64.38,131.0
cheater1,Mix Wawitas,64.36,59.0
mxzin,inside,64.32,271.0
Spocki,XPERION NXT,64.3,5432.0
pAura,S2G Esports,64.27,8032.0
s0pp,Digital Athletics,64.24,253.0
Hell,Us Guri,64.22,39.0
dEriow,PANCADAO,64.2,1534.0
oj,club penguin,64.18,1153.0
pepecho,Dimonis eSports,64.17,605.0
Ri0,Reckoning Esports,64.16,8096.0
mabrik,The Krows,64.15,41.0
ZukØ,Culturized,64.15,4424.0
Mikey Tap,9z Team,64.14,1805.0
taiga,SEN Shahzam,64.08,3768.0
Yoyoman,Hungkuang Falcon,64.07,1153.0
YAYAX,Zerance,64.01,2034.0
indra,Berzerkers,63.94,6290.0
Akashi,LAZY,63.9,7268.0
popoman4Q,TUMT Shark,63.84,2868.0
Lefiedot,ZETA DIVISION Academy,63.79,379.0
Celeste,Infinity X,63.76,1521.0
Kakashiii,Randoms,63.76,1663.0
sword9,TYLOO,63.74,4450.0
Astin,Randoms,63.73,1387.0
Kyoto,Cumberland Destiny,63.72,3312.0
HoneyBunny,ZETA DIVISION Academy,63.72,176.0
2zzy,NOEZ FOXX,63.63,980.0
Moonro,Michigan State University,63.56,617.0
Yatoo,APAY eSports,63.5,258.0
XuNa,SLT Seongnam,63.49,404.0
DRAGziKW,Galorys,63.48,1097.0
BatmaN,True Rippers,63.47,642.0
vitalyy,Vulcan Rising,63.45,1324.0
Huss,Moon,63.41,1151.0
ANGE1,Natus Vincere,63.39,9326.0
MACHEEW,Stacked Like Pancakes,63.38,528.0
nero,NOM Esports,63.37,1993.0
Contair,YDZ Mafia,63.37,3080.0
Kuro,Onyx Ravens,63.37,8175.0
roxas,Fishing Rods,63.36,157.0
Reiji,Daguestan,63.27,386.0
yZkA1,ROA Esport,63.17,1362.0
Aphun,SweetNsour,63.16,3113.0
Cloudy,Gen.G Global Academy,63.16,2223.0
Cangshu,Dragon Ranger Gaming,63.14,310.0
Brinicle,Veterans,63.13,1434.0
restro,Purpose Gaming,63.11,940.0
Quick,UCAM Esports Club,63.11,6283.0
Cille,HEROIC Valkyries,63.0,5404.0
LEVI,Las Cabras,62.93,255.0
Unholykid,Gifted,62.88,5197.0
colex,AURA,62.79,250.0
guiih9,Grêmio Esports,62.78,4413.0
QueYa,ROA Esport,62.71,1535.0
MoneaPenalizado,Star Music,62.68,33.0
Mojo,Reckoning Esports,62.67,3920.0
FROG,Michigan State University,62.66,859.0
Hakanss,Team Poupi,62.64,35.0
Misaya,Sengoku Gaming,62.57,4755.0
Shane,Tempest Gaming,62.55,4689.0
Gu1,101 Outlaws,62.54,902.0
Kargelux,Usepticals,62.53,182.0
Skelesis,Boise State University,62.52,2160.0
Ciuffo,GMBLERS Esports,62.5,146.0
1yee1wee1yee1wee,Evil Samurai,62.36,118.0
Vidal,Us Guri,62.34,39.0
Soggy,FAWZ Purple,62.31,510.0
nixoon,HAVU Gaming,62.26,10565.0
yasiek,SheshMans,62.21,1058.0
edu,FUEGO,62.18,1466.0
Hyungwonho,Jimi Hendrix Experience,62.17,2726.0
zenniN,TBS Academy,62.11,186.0
destroyeR,Trace Esports,62.09,479.0
Racoone,The Syndicate,62.09,2694.0
iNaz,DRAGONS,62.07,1520.0
Motion,TOS Starlight,62.06,185.0
KaneKizz,Young Warriors,62.01,83.0
prask,FUSION,62.0,1879.0
allu,Bon Bon Bum Contra,61.98,435.0
Mob,L9HAHAHA,61.9,146.0
elzira,Chérie,61.9,299.0
COEUS,Primordials,61.89,84.0
weneq,SP Falcons,61.76,444.0
Maddz1N,Eternal Flame,61.74,319.0
DANNYTO,Apeks,61.72,196.0
carpe,T1,61.72,2387.0
StealthyMike,ex-Recon 5,61.71,437.0
rismA,TOS,61.68,193.0
Luvjix,ESC Gaming,61.66,1759.0
CyderX,Eternal Fire,61.65,5604.0
dadvid,F5 Esports,61.62,1578.0
DonDon,Young Warriors,61.56,39.0
Witoo,Usepticals,61.5,252.0
brast,MixChi,61.5,98.0
Yigox,Fenerbahçe Esports,61.49,1090.0
OLDERGREG,BITEKI,61.48,221.0
redd,Chaos,61.4,142.0
c00km4n,Zoom,61.37,94.0
repo,club penguin,61.35,296.0
bonkar,NRG Esports,61.33,6494.0
Kyuanyami,esports team αD,61.31,138.0
Brädi,WYLDE,61.28,3001.0
YungEn,OCU,61.24,594.0
cataboo,Seulgi Fanclub,61.23,516.0
Azazel,Be Man,61.17,107.0
Gia,Zero Pressure,61.17,2763.0
Ya0yU1,Daojiang Husky,61.16,40.0
Hetzen,Dolphins Gaming,61.16,385.0
Darwin,DRAGONS,61.14,1653.0
y0DISH,wombat123,61.12,660.0
pipsoN,GIANTX,61.1,1606.0
Stochastic,InC Frost,60.98,185.0
BilGoat,Cumberland Prophecy,60.94,934.0
littlesataN1,Team Galaga,60.93,942.0
dash,Awaken Militia,60.9,1026.0
poupi,Team Poupi,60.9,351.0
AlphaFly,Converse NBG,60.85,4636.0
Neptune,Xzile Esports,60.74,201.0
Dodekethon,理科純情男高,60.74,39.0
JCL,ZOL Esports,60.69,72.0
nathan,Awaken Militia,60.67,2047.0
Aurora2k,Worst Generation,60.62,302.0
mikey,YDZ Mafia,60.61,2275.0
Tommy,Paper Rex,60.6,1224.0
synrgy,Xzile Esports,60.59,579.0
DAN,Nottingham Miedo,60.55,139.0
FiNESSE,NRG Esports,60.52,9917.0
jjsayeo,5 Budak Gemuk,60.52,188.0
Reddot,Tenax,60.48,3691.0
JohN,Cumberland Destiny,60.41,1438.0
Neko,FOP,60.38,115.0
dgopz,Usepticals,60.37,42.0
nebb,Spate Esports,60.3,1396.0
Blue,Chaos Alliance,60.3,515.0
lan,All Gamers Young,60.23,65.0
Laiyin,Ambitious Legend Gaming GC,60.12,226.0
f0rsakeN,INHS Yining,60.12,71.0
Cross,Retiraos,60.09,368.0
Sev,Vulcan Rising,60.08,1675.0
我拥有钢铁般的意志,MYDunWaaAChu,60.06,32.0
temoc,KOI,59.99,1547.0
SPARTA,Exsto Gaming,59.98,62.0
CombatBaby,IRIS,59.97,1161.0
Rueii,Lucia Rankers,59.93,192.0
xiaoxia,TUMT Orcinus,59.83,72.0
illogical,Michigan State University,59.82,434.0
Adept,Soi Thai Esports,59.78,1043.0
Lutzinnn,Atlanta Esports,59.69,791.0
nuuh,Fenda Dos Streamers,59.68,1582.0
Try,NOEZ FOXX,59.61,1085.0
ForRockAndStone,InC Frost,59.57,185.0
Qlove,Blue Eyes White Dragon,59.49,113.0
Vyzex,Bagual E-Sports,59.45,42.0
Enfacy,IMPACT Esports,59.38,124.0
wdcays,Scarlet Knights,59.38,59.0
Septem7,All Gamers,59.38,1267.0
Twisted,Harmony,59.25,1863.0
skye,RRQ Academy,59.25,2398.0
LiuOrange,Bagual E-Sports,59.24,529.0
ghostxD,Reckoning Esports,59.18,753.0
gyen,DetonatioN FocusMe,59.14,298.0
Chechuu,Melilla Titans,59.12,4622.0
KvS,Bagual E-Sports,59.06,731.0
Cano,Sho,59.06,112.0
Whey 100,Möyhentäjät,59.05,205.0
Frimus,QUANTICO,58.99,68.0
Carpeta,Usepticals,58.86,252.0
crush,Siena Heights University,58.84,3018.0
Mueda,Life's a Game,58.78,6223.0
R1abb,Young Warriors,58.76,39.0
rzinss,UC Esports,58.59,34.0
prettyMy,Unicorn Cyber Da Nang,58.58,35.0
A1D,Maryville University,58.47,1572.0
mzt,bloodS,58.41,189.0
aksh,TBS Academy,58.33,183.0
tavyS,DEXTERITY,58.31,52.0
Haby,CSU,58.27,41.0
CHAK,Oblivion Force,58.27,347.0
Merviliano,USM Esports,58.24,132.0
Noizeeh,KOI,58.23,42.0
JayZ,Quantum Void,58.1,39.0
beststudent,Scarlet Knights,58.05,40.0
Nezumi,Excel EKKO,57.87,68.0
v1bz,Bon Bon Bum Contra,57.86,82.0
EFN,Purpose Gaming,57.81,588.0
Planko,Randoms,57.79,439.0
aizen,Retiraos,57.76,134.0
CnJ,Attraction Force,57.74,150.0
Zone,Fractal Gaming,57.72,2023.0
Levius,Bilibili Gaming,57.71,858.0
Dhimoruto,Delight,57.69,1523.0
manutetera,B SITE GAMING,57.68,125.0
kiyoe,Tenax,57.67,2217.0
Tuna,APAY Academy,57.56,386.0
kaGe,Zoom,57.47,94.0
Ketzai,Unicorn Cyber Da Nang,57.43,672.0
Lightning,APAY Academy,57.41,367.0
gomezzzzty,Point Gaming,57.4,97.0
GuNNeR,Todak,57.39,876.0
Aqua,Melilla Titans,57.31,2820.0
akame,Seulgi Fanclub,57.25,209.0
Reen,Papara SuperMassive,57.23,38.0
TianDi,STU樹德暴風樹,57.22,98.0
pakko,KCORP Blue Stars,57.05,521.0
Au1oek,GOOD BOY,57.01,1043.0
Radwimps Enjoyer,Instinct Skills,56.96,37.0
vulgar,Jester Circus,56.95,39.0
typo,FAWZ Purple,56.87,459.0
pedrojogadas,Attraction Force,56.86,44.0
NemuiZzZz,Dreams To Legends,56.81,43.0
Boyu,Team Jeicchu,56.78,13.0
rau7e,Ramboot Club,56.74,293.0
Ranked demon,Ahlman Esports,56.72,115.0
malinenn,KAMK.GG,56.6,252.0
X1aoMa0,LANDODGERS,56.59,165.0
neill,Team Cece,56.58,140.0
Bingulz,OSKARAMONO,56.54,239.0
Raydar,FINIX ALPHA,56.53,159.0
kuro5,esports team αD,56.46,19.0
Beelze,Chinggis Warriors,56.45,178.0
maxhinh9,ShindeN,56.45,484.0
GzK,Star Music,56.42,63.0
altG,Team Rotib4kar,56.4,180.0
FlixF,Instinct Skills,56.34,37.0
SooT1,Be Man,56.27,93.0
alecks,Paper Rex,56.22,133.0
PhuRME,Galatasaray Esports,56.19,176.0
wtex,İstanbul Wildcats,56.19,15.0
Ord1nary,Young Warriors,56.16,39.0
sheepy,Team yanxinng,56.15,41.0
Cobalt,Spate Esports,56.14,1656.0
XiaoXu,Daojiang Husky,56.02,40.0
return,FAWZ Purple,55.99,223.0
BABABEAST,Team Falcons Vega,55.91,1409.0
weber,Team Heretics,55.89,677.0
req,InC Frost,55.8,169.0
clush,IMPACT Esports,55.75,65.0
BMoMoツ,momo親子台,55.7,186.0
ONLY,VNU Esports,55.69,148.0
rushia,Bilibili Gaming,55.49,717.0
SHIMANO DURA ACE,來送幸福的,55.46,34.0
player,All Gamers Young,55.44,100.0
Nameless,FN Pocheon,55.41,478.0
espressomilk,Team ESOTERIC,55.11,130.0
Xpiryy,Wygers,55.11,123.0
JettZer0,Runaway,54.99,80.0
depppx,Grêmio Esports,54.97,3957.0
LOVE,APAY Academy,54.89,397.0
1 miss her,Jester Circus,54.86,39.0
abu,esports team αD,54.8,292.0
Maper,UT Dallas,54.73,402.0
potter,Evil Geniuses,54.62,2438.0
lSAGI,INHS Yining,54.53,71.0
R4t,HKUF,54.43,41.0
Voxize,Blue Otter,54.4,645.0
tty,Chaos,54.39,340.0
Shifty,CCG Esports,54.25,8300.0
hEN,TOYO eSports,54.19,45.0
Big Bear,All Gamers Young,54.15,65.0
FrancyBald,AVESIVM,54.14,999.0
Frxncoo,USM Esports,54.13,132.0
Sunshine,TYLOO,54.07,1173.0
NARWHAL,Sovereigns,54.06,215.0
fleks,The Krows,54.05,41.0
g I L,NOM Esports,54.03,85.0
yT,Galakticos,53.97,2690.0
sky,Us Guri,53.92,39.0
Meracle,Lucia Zenith,53.91,183.0
Crunkee,Worst Generation,53.79,621.0
ExplodedN1KK3,Möyhentäjät,53.6,300.0
spyder,FAWZ Purple,53.58,478.0
xdd,姊姊壞了我好愛,53.54,56.0
Kobalt,Conquest Esports,53.5,171.0
shottz,Us Guri,53.48,128.0
Tootsie,Erinite Esports,53.37,4552.0
Haul,Fenerbahçe Esports,53.25,73.0
novlah,Seulgi Fanclub,53.21,441.0
merge,Awaken Militia,53.19,2526.0
Piotta,HGE Esport,53.1,241.0
Uros,West Virginia University,53.08,813.0
nackey,UT Dallas,53.06,162.0
Levi,Lotus Knights,52.97,170.0
Acen,Runaway,52.92,39.0
LEV Demon1,INHS Yining,52.84,57.0
TouXi,Daojiang Husky,52.81,40.0
LoNglOnG,Young Warriors,52.75,39.0
acetwothree,Harmony,52.71,224.0
X1ngX1nG,ZFE,52.52,35.0
deNc,Galakticos,52.47,289.0
tonix,Aves e colegas,52.46,941.0
Meta,special grade,52.43,133.0
Spectre,TUMT Orcinus,52.29,72.0
YuRelly,esports team αD,52.27,1012.0
Bulang,CSU,52.26,78.0
Crxnk,BLVKHVND,52.23,209.0
VADE,Z11,52.21,915.0
OneStep,CNEsports,52.14,249.0
CaniJ,Star Music,52.09,103.0
Grimm,The Krows,52.07,14.0
VBlazzt,Unknown Killers E-sport,51.94,56.0
Mallu,KAMK.GG,51.77,289.0
Nikuu,Randoms,51.56,321.0
JeqeBRRRRR,KAMK.GG,51.5,252.0
psychobabble,inside,51.38,209.0
Sobaan,Divinity,51.25,221.0
tinoz,Attraction Force,51.17,44.0
IFlySausages,Primordials,51.1,220.0
Zolboo,Sovereigns,50.9,197.0
cbbk,FULL SENSE,50.88,214.0
Supp,FAWZ Purple,50.77,634.0
B1ack,Titan Esports Club,50.74,610.0
RndmGamezツ,Excel EKKO,50.61,234.0
Fawzi,TOYO eSports,50.6,45.0
Gais,FUT Esports,50.57,70.0
knives,Mix Wawitas,50.49,59.0
LORDPEN,Team Elzira,50.48,21.0
Falxon,Fishing Rods,50.34,293.0
POPPIN,Mix Wawitas,50.2,59.0
LoNe1y,Niflheimr,49.93,79.0
Ruka,Team CombatBaby,49.71,50.0
TonkeyyKong,Hakikimori,49.37,2545.0
Darket,Ahlman Esports,49.34,276.0
V1ncy,Daojiang Husky,49.27,40.0
Kyze,The Krows,49.14,75.0
Akira,Royal Legion,48.87,201.0
vapen,Shopify Rebellion Black,48.86,185.0
nsh0o,USM Esports,48.62,132.0
SyykoNT,M80,48.6,100.0
ghost no balde,TBS Academy,48.57,170.0
bnj,DEXTERITY,48.56,35.0
Dolar,GMBLERS Esports,48.47,947.0
Bansen,Divinity,48.43,154.0
TonyTrixter,Team beejaayyy,48.42,13.0
hacker,Orangutan,48.06,692.0
rbx,Usepticals,47.93,42.0
meow,Lotus Knights,47.91,231.0
失败总是贯彻人生始终,HKUF,47.87,41.0
GUGLi,Cloud9,47.87,87.0
Eztevan,UC Esports,47.86,34.0
羊了個揚,理科純情男高,47.81,39.0
ROTTAKUNINGAS,Möyhentäjät,47.66,300.0
Coldan,Team Coldan,47.66,78.0
KaiSeN,HKUF,47.61,41.0
eeiufan,Seulgi Fanclub,47.44,596.0
marqnue,BBL Esports,47.34,1231.0
TWEEZY,wombat123,47.22,142.0
Liper,UC Esports,47.21,34.0
LTZ,Usepticals,47.04,79.0
delorean,Unknown Killers E-sport,46.79,109.0
FNSIR,Runaway,46.79,39.0
Dttoツ,來送幸福的,46.54,34.0
Garage46,AVESIVM,46.52,110.0
Crook,YFP X,46.35,74.0
103,理科純情男高,46.32,39.0
Minnesota,Quantum Void,46.3,39.0
EBEUS,QUANTICO,45.92,68.0
ahk,BITEKI,45.02,40.0
hdx,理科純情男高,44.98,39.0
Cece,Lucia Rankers,44.69,357.0
n0kkerr,Zoom,44.56,94.0
YuRiHaNa,DRX Changers,44.43,37.0
Dubstep,Wygers,44.31,123.0
SirClay,Worst Generation,44.3,748.0
ZE1SH,Karmine Corp,43.96,453.0
Gorilla,KOI,43.91,652.0
Vatsal,Global Esports,43.72,99.0
stkJ,LOUD,43.5,80.0
Whisk,TOS Starlight,43.43,633.0
bento,來送幸福的,43.39,34.0
FATZHAI,INHS Yining,43.02,32.0
命运不配做我的对手,姊姊壞了我好愛,42.88,56.0
k0iMJ,Primordials,42.85,117.0
AndrexLex,Kingdom One,42.44,29.0
West,SHIFT,42.37,272.0
JJJJJJ,Mix Wawitas,42.01,59.0
Jerskuuu,Ahlman Esports,41.75,254.0
victorsoN,Pixel Lumina,41.69,251.0
h3nsem,IGNITE,41.23,113.0
XNZ,Chaos,40.94,72.0
Lotusflower,KAMK.GG,40.87,190.0
Smez,Runaway,40.66,98.0
Yii,TUMT Orcinus,40.61,72.0
Zeke,Blue Otter,40.46,2078.0
elemeNt,Team Valiant,40.13,174.0
Mat,MixChi,40.12,50.0
nyx,Primordials,40.07,117.0
IAX SRO,ATF Electric,39.77,36.0
Kaikyo,Primordials,39.76,117.0
McLovinN,Zoom,39.48,94.0
McJuankar,Gentle Mates,39.4,101.0
Tato,TBK Esports,38.7,42.0
Rotibak4r,Team Rotib4kar,38.14,20.0
MMMiky,ESC Gaming,37.77,31.0
Chiamare,Primordials,37.69,117.0
Khimber,Möyhentäjät,37.63,156.0
吧噗的狗汪汪,你媽買菜必漲價,37.51,30.0
ViqZo,CICADAS Gaming,37.47,108.0
Κlαytöη,The Krows,37.42,14.0
MOMO,來送幸福的,36.74,34.0
ＩニＩ,Ahlman Esports,36.61,161.0
Liovin,Team Cece,36.55,19.0
NCK,Quantum Void,35.72,39.0
Curvezy,Randoms,35.32,35.0
Micera,Team Micera,35.25,18.0
DWangC,Kingdom One,35.18,29.0
Infamous,Fishing Rods,34.65,704.0
SilenC3r,Instinct Skills,34.2,37.0
wowza,Sho,33.99,41.0
Sharpy,Funhavers,33.86,32.0
ChysT,UC Esports,33.74,54.0
Sopa,Instinct Skills,33.73,37.0
LemonAid,InC Frost,33.7,89.0
zenzii1x,DEXTERITY,33.41,35.0
Rbtx,Team Secret,33.13,20.0
Kny,ALTERNATE aTTaX,33.08,119.0
Shiki,Team Jeicchu,32.98,13.0
Yiyee,Trace Esports,32.9,115.0
Mommy lssuess#,Ahlman Esports,32.67,221.0
BengYan,Jester Circus,32.6,39.0
Kazera,RIOS REXON,32.23,71.0
bajan,Team Kira,32.23,22.0
天安門第一坦克手,你媽買菜必漲價,32.03,30.0
Immi,Cloud9,31.85,64.0
Brio,Axolotl,31.69,36.0
Someyomguy,TOS,31.65,74.0
我期待的不是雪而是有你的冬天,你媽買菜必漲價,31.45,30.0
yanxinng,Team yanxinng,31.2,41.0
Jeicchu,Team Jeicchu,31.16,13.0
krys,Team JoshF,29.88,24.0
iLka,NOVO Esports,29.68,65.0
ckuma,Chaos Alliance,29.61,123.0
draseK,Star Music,29.54,33.0
s4dboyyy,Sho,29.32,41.0
Kawa,Fancy United Esports,28.73,108.0
Behappy,ZFE,28.44,35.0
Saintzlayer,E-Xolos LAZER,27.81,37.0
Hansel,Möyhentäjät,27.36,155.0
simoz,DNSTY,26.84,120.0
ElBicho,Wygers,26.8,20.0
1hp,Ambitious Legend Gaming GC,26.44,169.0
Malix,Berzerkers,26.07,17.0
Royal,TBS Academy,25.82,33.0
Leaf,FULL SENSE,24.43,20.0
SMoMoツ,momo親子台,24.42,32.0
PuzzDn,吳恩熙瓜汁,24.41,28.0
CosmicFlow,ATF Electric,24.3,36.0
Fizzy,Prism Esports,23.81,70.0
Lone1y,吳恩熙瓜汁,23.13,28.0
Kapio,CGN Esports,22.64,65.0
licho6al,ATF Electric,22.55,36.0
IceFeaTheR,你媽買菜必漲價,22.43,30.0
asavx,Kingdom One,20.66,29.0
제리zzzz,Stacked Like Pancakes,20.45,41.0
EAA,ATF Electric,20.4,50.0
XUAN,吳恩熙瓜汁,19.75,28.0
Seulgi,Seulgi Fanclub,16.96,69.0
RMoMoツ,momo親子台,16.89,32.0
CocaCola,The Krows,16.85,14.0
lucokkj,DEXTERITY,15.24,35.0
noaa,Primordials,15.06,49.0
Shintaroux,Team Jeicchu,14.84,13.0
CMoMoツ,momo親子台,13.8,32.0
Mynx,Kingdom One,12.42,29.0
William,The Krows,11.22,14.0
以为我挽留你结局就会改变,MYDunWaaAChu,10.95,32.0
Milktea,ZFE,10.65,35.0
QUQUQUQUQ,你媽買菜必漲價,8.73,30.0
吳恩希,吳恩熙瓜汁,8.56,28.0
faithz0r,2Game Esports,8.45,22.0
John weak,MYDunWaaAChu,8.13,32.0
Calamari,Team Jeicchu,6.25,13.0
魔法貓咪,MYDunWaaAChu,5.12,32.0
Kam1kaze,Onyx Ravens,4.16,20.0
gshuzin,Star Music,1.86,33.0
Summa,Team beejaayyy,0.96,13.0
明日花,TWA,0.0,99.0
peRO,DFM Academy,0.0,29.0
wezzy,Digital Athletics,0.0,1486.0
jasmin,Wadadaa,0.0,335.0
colby,Wadadaa,0.0,1502.0
Corsa,Solana,0.0,1078.0
aikz,Unjustified,0.0,1170.0
Avxrsive,F5 Esports,0.0,797.0
Citrus,F5 Esports,0.0,297.0
Wen,F5 Esports,0.0,1846.0
Bubbles,Unjustified,0.0,3982.0
kammy,Falke Esports,0.0,49.0
dummy,Team Secret,0.0,226.0
tok1o,Fancy United Esports,0.0,297.0
maestr0,Orquestra Do Maestro,0.0,2863.0
foxy,Fancy United Esports,0.0,236.0
B1SK,ZY Gaming,0.0,7796.0
phonics,Stellae Gaming,0.0,20.0
X1ao3oヅ,吳恩熙瓜汁,-2.68,28.0
chaosying,Team beejaayyy,-3.99,13.0
einzuri,Team Micera,-4.38,18.0
beejay,Team beejaayyy,-6.0,13.0
Shooter K1ng,The Krows,-6.88,14.0
chivitz,MIBR,-18.67,0.0
5CM,TYLOO,-18.67,0.0
Koyo,Papara SuperMassive,-18.67,0.0
bail,Bilibili Gaming,-18.67,0.0
Z1yan,JDG Esports,-18.67,0.0
Shriek,TeamOrangeGaming,-18.67,0.0
P0L0,Prism Esports,-18.67,0.0
V1yA,Wolves Esports,-18.67,0.0
SilKanoN,Nongshim RedForce,-18.67,0.0
Juv3nile,Global Esports,-18.67,0.0
napz,Team Liquid Brazil,-18.67,0.0
Eno,Next Gen,-18.67,0.0
GuanG,Nova Esports,-18.67,0.0
Cookie,Catalyst Esports,-18.67,0.0
K1ra,All Gamers,-18.67,0.0
Shion7,Dragon Ranger Gaming,-18.67,0.0
Dingwei,Dragon Ranger Gaming,-18.67,0.0
Lsn,All Gamers,-18.67,0.0
Ezeir,Nova Esports,-18.67,0.0
CB,Nova Esports,-18.67,0.0
Jonsyp,Eternal Fire,-18.67,0.0
RelaxedPotato,Scarlet Knights,-18.67,0.0
Xelsky,Joblife,-18.67,0.0
shoushi,REVE RISE MAX,-18.67,0.0
slowly,TYLOO,-18.67,0.0
